geo_code,nigeria_born,total_occ,prof_occ,caring_occ,year,brain_waste_ratio
E07000200,21.0,40296.0,243.0,1940.0,2001,0.8886852954649564
E07000066,105.0,77773.0,405.0,3328.0,2001,0.8915081703723546
E06000055,118.0,70513.0,571.0,3493.0,2001,0.859498031496063
E07000067,39.0,66092.0,276.0,3599.0,2001,0.9287741935483871
E07000143,19.0,55612.0,238.0,3171.0,2001,0.9301848049281314
E07000068,42.0,32807.0,363.0,1367.0,2001,0.7901734104046243
E07000144,27.0,57964.0,340.0,3188.0,2001,0.9036281179138322
E07000095,75.0,43482.0,143.0,1719.0,2001,0.9232008592910849
E07000008,191.0,49236.0,913.0,1980.0,2001,0.6844106463878327
E07000069,22.0,41035.0,141.0,1849.0,2001,0.9291457286432161
E06000056,62.0,121032.0,500.0,5338.0,2001,0.9143542309009934
E07000070,94.0,80257.0,605.0,3334.0,2001,0.8464077176948465
E07000071,115.0,75126.0,629.0,4275.0,2001,0.8717373572593801
E07000096,72.0,69313.0,401.0,3120.0,2001,0.886111900028401
E07000009,13.0,37208.0,264.0,2155.0,2001,0.8908639933856966
E07000242,82.0,67534.0,616.0,2570.0,2001,0.8066541117388575
E07000072,96.0,57853.0,662.0,2219.0,2001,0.7702186740715029
E07000010,10.0,37757.0,125.0,2111.0,2001,0.9440966010733453
E07000201,9.0,28298.0,172.0,1783.0,2001,0.9120204603580563
E07000145,24.0,37584.0,248.0,2247.0,2001,0.9006012024048096
E07000073,51.0,38824.0,163.0,1850.0,2001,0.9190263288623944
E07000098,162.0,46003.0,491.0,1950.0,2001,0.7988529291274068
E07000011,44.0,82325.0,582.0,3909.0,2001,0.8704074816299265
E07000202,40.0,54091.0,359.0,2902.0,2001,0.8899110702238577
E07000146,30.0,60197.0,486.0,3434.0,2001,0.8760204081632653
E06000032,393.0,82362.0,346.0,4001.0,2001,0.9204048769266161
E07000074,11.0,28943.0,161.0,1357.0,2001,0.8939393939393939
E07000203,17.0,42629.0,258.0,2137.0,2001,0.8922755741127348
E07000099,72.0,58814.0,498.0,2642.0,2001,0.8414012738853504
E07000147,11.0,41411.0,235.0,2592.0,2001,0.9168730102582243
E07000148,68.0,53606.0,557.0,2568.0,2001,0.82176
E06000031,43.0,73295.0,466.0,3471.0,2001,0.8816357632715266
E07000075,10.0,37792.0,158.0,1580.0,2001,0.9090909090909091
E07000012,60.0,69159.0,852.0,3293.0,2001,0.7944511459589867
E07000149,24.0,52626.0,542.0,2714.0,2001,0.8335380835380836
E06000033,65.0,70177.0,491.0,3631.0,2001,0.8808830664725861
E07000240,58.0,65676.0,727.0,2615.0,2001,0.7824655894673848
E07000204,16.0,50181.0,411.0,2641.0,2001,0.8653342070773263
E07000243,68.0,39576.0,194.0,1985.0,2001,0.9109683340982102
E07000205,40.0,52327.0,437.0,2775.0,2001,0.863947696139477
E07000076,20.0,53642.0,227.0,4255.0,2001,0.9493529674252565
E07000102,53.0,40565.0,446.0,1680.0,2001,0.7902163687676388
E06000034,227.0,69534.0,213.0,2978.0,2001,0.9332497649639612
E07000077,22.0,35045.0,264.0,1452.0,2001,0.8461538461538461
E07000103,101.0,41648.0,244.0,1866.0,2001,0.8843601895734597
E07000206,39.0,46001.0,234.0,2860.0,2001,0.9243697478991597
E07000241,131.0,46157.0,377.0,2181.0,2001,0.8526192337763878
E07000032,12.0,54657.0,301.0,2386.0,2001,0.8879791589132862
E07000170,8.0,48949.0,123.0,2482.0,2001,0.9527831094049904
E07000171,28.0,46145.0,340.0,2762.0,2001,0.8903932946486138
E07000129,24.0,47136.0,308.0,2217.0,2001,0.878019801980198
E07000033,3.0,29451.0,93.0,1721.0,2001,0.9487320837927232
E07000136,22.0,25066.0,219.0,1390.0,2001,0.8638906152889994
E07000172,44.0,51262.0,493.0,2070.0,2001,0.8076472883339836
E07000130,71.0,73367.0,554.0,3345.0,2001,0.8579122852013337
E07000034,21.0,42930.0,232.0,2559.0,2001,0.9168756718022214
E07000150,8.0,24749.0,40.0,1003.0,2001,0.9616490891658677
E07000151,9.0,36859.0,243.0,1416.0,2001,0.8535262206148282
E06000015,74.0,95451.0,627.0,4792.0,2001,0.8842959955711386
E07000035,13.0,33445.0,396.0,1445.0,2001,0.7848995111352526
E07000137,13.0,53433.0,320.0,3274.0,2001,0.910962715637173
E07000152,7.0,38395.0,180.0,1985.0,2001,0.9168591224018475
E07000036,17.0,52480.0,206.0,2280.0,2001,0.917135961383749
E07000173,14.0,54355.0,406.0,2601.0,2001,0.864981709344862
E07000131,16.0,39815.0,408.0,1709.0,2001,0.8072744449692961
E07000037,8.0,43698.0,302.0,2255.0,2001,0.8818928431755964
E07000132,14.0,51317.0,240.0,2276.0,2001,0.904610492845787
E07000153,24.0,41282.0,310.0,2311.0,2001,0.8817245326211369
E06000016,307.0,111580.0,1499.0,5738.0,2001,0.7928699737460274
E07000138,30.0,37299.0,298.0,2111.0,2001,0.8762972187629722
E07000174,9.0,40607.0,218.0,2340.0,2001,0.9147771696637998
E07000133,4.0,24097.0,169.0,1238.0,2001,0.8798862828713575
E07000175,25.0,47352.0,381.0,2408.0,2001,0.8633918967371818
E07000038,13.0,44438.0,270.0,2176.0,2001,0.8896156991005724
E07000139,25.0,44070.0,241.0,2385.0,2001,0.9082254379284083
E07000134,7.0,41919.0,197.0,1921.0,2001,0.9069877242681775
E07000154,152.0,96395.0,541.0,4867.0,2001,0.8999630177514792
E06000018,208.0,101697.0,1149.0,5051.0,2001,0.8146774193548387
E07000135,22.0,26651.0,368.0,1194.0,2001,0.764404609475032
E07000176,33.0,52086.0,835.0,2079.0,2001,0.7134522992450241
E06000017,8.0,16566.0,150.0,691.0,2001,0.821640903686088
E07000039,5.0,39998.0,280.0,1841.0,2001,0.8679867986798679
E07000140,5.0,35009.0,101.0,1632.0,2001,0.9417195614541258
E07000141,33.0,61060.0,398.0,2958.0,2001,0.8814064362336115
E07000155,14.0,42098.0,271.0,1749.0,2001,0.8658415841584158
E07000156,24.0,35050.0,152.0,1657.0,2001,0.9159756771697071
E07000142,11.0,35514.0,260.0,2193.0,2001,0.8940073379535263
E09000002,1475.0,65864.0,175.0,3293.0,2001,0.9495386389850058
E09000003,2753.0,145920.0,3041.0,5222.0,2001,0.631973859373109
E09000004,1039.0,103629.0,495.0,4466.0,2001,0.9002217294900222
E09000005,3070.0,118704.0,1491.0,4090.0,2001,0.7328435764199964
E09000006,611.0,141497.0,1577.0,5579.0,2001,0.7796254891000559
E09000007,1488.0,91868.0,2102.0,2433.0,2001,0.5364939360529217
E09000001,22.0,4290.0,82.0,60.0,2001,0.4225352112676056
E09000008,1847.0,156741.0,1251.0,6995.0,2001,0.8482900800388067
E09000009,1064.0,143766.0,1818.0,4508.0,2001,0.7126146063863421
E09000010,1811.0,121257.0,1155.0,5041.0,2001,0.8135894125242091
E09000011,3918.0,91586.0,911.0,4448.0,2001,0.8300055980593394
E09000012,6633.0,79226.0,976.0,3628.0,2001,0.788010425716768
E09000013,984.0,83023.0,1214.0,2306.0,2001,0.6551136363636364
E09000014,2680.0,95732.0,1375.0,3775.0,2001,0.7330097087378641
E09000015,634.0,97759.0,1477.0,3306.0,2001,0.6911979928914906
E09000016,310.0,104537.0,580.0,4355.0,2001,0.8824721377912867
E09000017,435.0,117044.0,784.0,4513.0,2001,0.8519916934113649
E09000018,510.0,103623.0,974.0,3445.0,2001,0.7795881421136004
E09000019,1779.0,79855.0,1138.0,2558.0,2001,0.6920995670995671
E09000020,609.0,75571.0,1139.0,1609.0,2001,0.5855167394468704
E09000021,196.0,74893.0,962.0,2563.0,2001,0.7270921985815603
E09000022,6121.0,130736.0,1654.0,4999.0,2001,0.7513903502179468
E09000023,5297.0,114583.0,1050.0,5498.0,2001,0.8396456933414783
E09000024,763.0,94943.0,1206.0,3532.0,2001,0.7454622203461376
E09000025,5423.0,86428.0,517.0,4416.0,2001,0.8951956213257652
E09000026,983.0,106114.0,1443.0,3856.0,2001,0.727684468767692
E09000027,209.0,89408.0,1123.0,2511.0,2001,0.6909741331865713
E09000028,10673.0,107868.0,1770.0,4979.0,2001,0.7377389242850793
E09000029,334.0,90291.0,842.0,4052.0,2001,0.8279525950143032
E09000030,1012.0,73938.0,978.0,2505.0,2001,0.719207579672696
E09000031,1437.0,97777.0,493.0,4442.0,2001,0.9001013171225937
E09000032,1488.0,141191.0,1898.0,4464.0,2001,0.7016661427224143
E09000033,1299.0,89472.0,1632.0,1779.0,2001,0.5215479331574319
E06000047,65.0,203614.0,1443.0,11066.0,2001,0.8846430569989607
E06000005,14.0,42993.0,412.0,2243.0,2001,0.8448210922787194
E08000037,26.0,78786.0,394.0,4084.0,2001,0.9120142920946851
E06000001,13.0,33762.0,243.0,2006.0,2001,0.891951978657181
E06000002,50.0,49317.0,399.0,3336.0,2001,0.8931726907630522
E08000021,116.0,101498.0,2740.0,5364.0,2001,0.6618953603158934
E08000022,68.0,83698.0,637.0,4557.0,2001,0.8773584905660378
E06000057,52.0,136083.0,1348.0,8719.0,2001,0.8660971491010232
E06000003,11.0,54295.0,276.0,3445.0,2001,0.9258263907551734
E08000023,48.0,58899.0,336.0,3273.0,2001,0.9068994181213632
E06000004,58.0,75904.0,600.0,4131.0,2001,0.8731769181991123
E08000024,50.0,114119.0,504.0,6150.0,2001,0.9242560865644724
E07000026,8.0,41814.0,361.0,2159.0,2001,0.8567460317460317
E07000027,12.0,28849.0,142.0,1741.0,2001,0.9245884227296867
E06000008,35.0,53575.0,414.0,3479.0,2001,0.8936552787053686
E06000009,28.0,59073.0,316.0,3963.0,2001,0.9261509698527693
E08000001,123.0,114415.0,909.0,6373.0,2001,0.8751716561384235
E07000117,9.0,38098.0,251.0,2462.0,2001,0.9074824917065979
E08000002,64.0,83847.0,763.0,4401.0,2001,0.8522463206816422
E07000028,13.0,46858.0,349.0,2302.0,2001,0.8683515654470011
E06000049,73.0,169143.0,1798.0,8097.0,2001,0.8182920667003537
E06000050,54.0,149443.0,1464.0,6721.0,2001,0.8211362248014661
E07000118,9.0,49200.0,406.0,2700.0,2001,0.8692852543464262
E07000029,11.0,29222.0,200.0,1535.0,2001,0.8847262247838616
E07000030,4.0,24752.0,199.0,1099.0,2001,0.8466872110939908
E07000119,8.0,32215.0,368.0,1746.0,2001,0.825922421948912
E06000006,16.0,50363.0,170.0,2722.0,2001,0.9412171507607192
E07000120,6.0,34773.0,135.0,2377.0,2001,0.9462579617834395
E08000011,34.0,54351.0,262.0,3805.0,2001,0.9355790508974674
E07000121,63.0,55906.0,533.0,4047.0,2001,0.8836244541484716
E08000012,579.0,154817.0,2197.0,10191.0,2001,0.822650952534711
E08000003,975.0,142449.0,2158.0,7666.0,2001,0.7803338762214984
E08000004,46.0,92775.0,446.0,4935.0,2001,0.9171157777364802
E07000122,6.0,37042.0,224.0,2128.0,2001,0.9047619047619048
E07000123,56.0,56203.0,554.0,2987.0,2001,0.8435470206156453
E07000124,10.0,26407.0,340.0,1510.0,2001,0.8162162162162162
E08000005,57.0,86867.0,575.0,5155.0,2001,0.8996509598603839
E07000125,7.0,29877.0,200.0,1858.0,2001,0.902818270165209
E08000006,136.0,89920.0,723.0,5201.0,2001,0.8779540850776503
E08000014,56.0,116315.0,1025.0,7526.0,2001,0.880130978832885
E07000031,16.0,48413.0,471.0,2441.0,2001,0.8382554945054945
E07000126,5.0,51327.0,224.0,2668.0,2001,0.9225449515905948
E08000013,20.0,73076.0,414.0,4645.0,2001,0.9181656453844633
E08000007,104.0,136059.0,1487.0,6926.0,2001,0.8232497325567574
E08000008,30.0,96254.0,395.0,5323.0,2001,0.9309199020636586
E08000009,134.0,99146.0,1391.0,4193.0,2001,0.7508954154727794
E06000007,56.0,91286.0,807.0,4270.0,2001,0.8410478629111681
E07000127,13.0,48842.0,520.0,2804.0,2001,0.8435619735258725
E08000010,45.0,135615.0,653.0,7352.0,2001,0.9184259837601499
E08000015,78.0,126397.0,1455.0,8026.0,2001,0.8465351756143866
E07000128,12.0,45036.0,379.0,2618.0,2001,0.8735402068735402
E07000223,23.0,27166.0,117.0,1688.0,2001,0.935180055401662
E07000224,39.0,60400.0,337.0,3914.0,2001,0.9207245354034345
E07000105,49.0,48872.0,475.0,2488.0,2001,0.8396895038812014
E07000004,144.0,86232.0,702.0,4053.0,2001,0.852365930599369
E07000084,79.0,82628.0,561.0,3450.0,2001,0.8601346297681376
E06000036,70.0,60010.0,267.0,2675.0,2001,0.9092454112848403
E06000043,232.0,117551.0,1335.0,5431.0,2001,0.8026899201891812
E07000106,113.0,57035.0,616.0,3742.0,2001,0.8586507572280863
E07000177,37.0,70240.0,487.0,3089.0,2001,0.8638143176733781
E07000225,36.0,47996.0,653.0,2693.0,2001,0.8048416019127316
E07000005,39.0,43123.0,477.0,1795.0,2001,0.7900528169014085
E07000226,84.0,51470.0,211.0,1834.0,2001,0.8968215158924205
E07000107,94.0,42255.0,222.0,2104.0,2001,0.9045571797076526
E07000108,21.0,45040.0,302.0,3153.0,2001,0.9125904486251809
E07000085,37.0,55117.0,462.0,3089.0,2001,0.8698958039988736
E07000061,50.0,36713.0,403.0,2476.0,2001,0.8600208405696422
E07000086,40.0,60532.0,382.0,2786.0,2001,0.8794191919191919
E07000207,95.0,58786.0,630.0,2122.0,2001,0.7710755813953488
E07000208,64.0,33199.0,365.0,1545.0,2001,0.8089005235602095
E07000087,24.0,54358.0,378.0,2421.0,2001,0.864951768488746
E07000112,28.0,41815.0,244.0,3007.0,2001,0.9249461704091049
E07000088,25.0,37295.0,162.0,2247.0,2001,0.9327521793275217
E07000109,73.0,43960.0,210.0,2254.0,2001,0.9147727272727273
E07000209,112.0,67097.0,717.0,2503.0,2001,0.7773291925465838
E07000089,24.0,45499.0,311.0,1733.0,2001,0.8478473581213307
E07000062,32.0,35498.0,261.0,2727.0,2001,0.9126506024096386
E07000090,18.0,53011.0,290.0,2896.0,2001,0.9089767733835531
E07000227,58.0,61172.0,486.0,2675.0,2001,0.8462511863334388
E06000046,26.0,54483.0,459.0,4037.0,2001,0.8979092526690391
E07000063,29.0,41137.0,346.0,2390.0,2001,0.8735380116959064
E07000110,42.0,69471.0,572.0,3158.0,2001,0.8466487935656837
E06000035,150.0,119260.0,532.0,6241.0,2001,0.9214528274029233
E07000228,67.0,64744.0,538.0,3241.0,2001,0.8576342947869807
E06000042,305.0,108075.0,564.0,3997.0,2001,0.8763429072571804
E07000210,55.0,39164.0,367.0,1676.0,2001,0.820362212432697
E07000091,39.0,77054.0,688.0,4321.0,2001,0.8626472349770413
E07000178,229.0,60093.0,1265.0,2626.0,2001,0.6748907735800566
E06000044,101.0,87019.0,587.0,4622.0,2001,0.887310424265694
E06000038,159.0,73600.0,448.0,2768.0,2001,0.8606965174129353
E07000211,166.0,64184.0,586.0,2951.0,2001,0.8343228724908114
E07000064,21.0,33380.0,344.0,2170.0,2001,0.8631662688941926
E07000212,50.0,39037.0,251.0,1635.0,2001,0.866914103923648
E07000092,43.0,49923.0,154.0,2236.0,2001,0.9355648535564853
E07000111,42.0,52029.0,436.0,2366.0,2001,0.8443968593861527
E06000039,155.0,58399.0,312.0,2244.0,2001,0.8779342723004695
E07000006,20.0,30135.0,399.0,1047.0,2001,0.7240663900414938
E07000179,75.0,66738.0,668.0,2883.0,2001,0.8118839763446917
E06000045,181.0,98210.0,878.0,4993.0,2001,0.8504513711463124
E07000213,66.0,46924.0,215.0,1668.0,2001,0.8858204992033988
E07000214,43.0,42608.0,404.0,1536.0,2001,0.7917525773195876
E07000113,36.0,55712.0,233.0,3013.0,2001,0.9282193468884782
E07000215,41.0,39166.0,315.0,2085.0,2001,0.86875
E07000093,34.0,57137.0,518.0,2448.0,2001,0.825354012137559
E07000114,46.0,49197.0,356.0,4124.0,2001,0.9205357142857142
E07000115,22.0,53038.0,328.0,2521.0,2001,0.8848718848718848
E07000116,43.0,50864.0,564.0,2476.0,2001,0.8144736842105263
E07000180,40.0,59832.0,462.0,2531.0,2001,0.8456398262612763
E07000216,63.0,56396.0,547.0,2494.0,2001,0.8201249588951003
E07000065,63.0,64514.0,569.0,3607.0,2001,0.8637452107279694
E06000037,59.0,77568.0,438.0,3349.0,2001,0.8843411671507789
E07000181,36.0,50469.0,369.0,2445.0,2001,0.8688699360341151
E07000094,48.0,53306.0,921.0,2312.0,2001,0.7151252706464584
E06000040,93.0,68149.0,561.0,2309.0,2001,0.8045296167247387
E07000217,80.0,46258.0,323.0,1931.0,2001,0.8566992014196984
E06000041,91.0,81279.0,594.0,2900.0,2001,0.8299942759015455
E07000229,44.0,44180.0,335.0,2853.0,2001,0.894918444165621
E07000007,94.0,81954.0,601.0,3383.0,2001,0.8491465863453815
E06000022,60.0,80257.0,959.0,3552.0,2001,0.7874085568610064
E06000028,85.0,72395.0,514.0,3881.0,2001,0.8830489192263936
E06000023,324.0,177057.0,2361.0,8063.0,2001,0.7735034535686877
E07000078,50.0,53099.0,545.0,2265.0,2001,0.806049822064057
E07000048,23.0,18143.0,119.0,1043.0,2001,0.8975903614457831
E06000052,88.0,212989.0,1727.0,12874.0,2001,0.8817204301075269
E07000079,24.0,39280.0,345.0,1833.0,2001,0.8415977961432507
E07000040,31.0,52509.0,429.0,3519.0,2001,0.8913373860182371
E07000049,22.0,37060.0,303.0,1928.0,2001,0.8641864634692963
E07000041,40.0,51634.0,543.0,2833.0,2001,0.8391587677725119
E07000080,5.0,37549.0,193.0,2088.0,2001,0.9153879877246821
E07000081,26.0,52525.0,243.0,2889.0,2001,0.9224137931034483
E06000053,0.0,1270.0,9.0,51.0,2001,0.85
E07000187,35.0,48881.0,312.0,2787.0,2001,0.8993223620522749
E07000042,20.0,32847.0,257.0,1953.0,2001,0.883710407239819
E07000043,25.0,39316.0,382.0,2310.0,2001,0.8580980683506686
E07000050,12.0,28730.0,166.0,1474.0,2001,0.8987804878048781
E06000024,32.0,88733.0,606.0,4919.0,2001,0.890316742081448
E06000026,64.0,106295.0,654.0,6104.0,2001,0.9032258064516129
E06000029,40.0,64217.0,646.0,3365.0,2001,0.8389429070057343
E07000051,9.0,20333.0,102.0,1158.0,2001,0.919047619047619
E07000188,12.0,48146.0,313.0,2980.0,2001,0.9049498937139386
E06000025,58.0,127755.0,683.0,5545.0,2001,0.8903339755940912
E07000044,23.0,37003.0,508.0,1887.0,2001,0.7878914405010439
E07000189,34.0,71240.0,476.0,4132.0,2001,0.8967013888888888
E07000082,27.0,52389.0,489.0,2782.0,2001,0.8505044328951391
E06000030,56.0,93953.0,364.0,3445.0,2001,0.9044368600682594
E07000190,35.0,48052.0,601.0,3423.0,2001,0.8506461232604374
E07000045,31.0,53228.0,579.0,3362.0,2001,0.8530829738645014
E07000083,12.0,38103.0,249.0,1607.0,2001,0.8658405172413793
E06000027,18.0,53543.0,405.0,3552.0,2001,0.8976497346474602
E07000046,7.0,25522.0,129.0,1772.0,2001,0.932140978432404
E07000047,15.0,22208.0,331.0,1277.0,2001,0.7941542288557214
E07000052,22.0,39912.0,460.0,2398.0,2001,0.8390482855143457
E07000191,6.0,14393.0,109.0,1129.0,2001,0.9119547657512116
E07000053,9.0,28263.0,144.0,1786.0,2001,0.9253886010362694
E06000054,87.0,217278.0,1519.0,10492.0,2001,0.873532595121139
W06000019,21.0,25133.0,61.0,1592.0,2001,0.9630973986690865
W06000013,14.0,52865.0,386.0,3218.0,2001,0.892896781354051
W06000018,16.0,67295.0,223.0,3213.0,2001,0.9350989522700814
W06000015,232.0,130270.0,2697.0,5394.0,2001,0.6666666666666666
W06000010,34.0,67558.0,693.0,4354.0,2001,0.8626907073509015
W06000008,21.0,29653.0,256.0,1541.0,2001,0.857540345019477
W06000003,11.0,43731.0,432.0,3186.0,2001,0.8805970149253731
W06000004,14.0,38277.0,391.0,2858.0,2001,0.8796552785472453
W06000005,9.0,69452.0,356.0,3193.0,2001,0.8996900535362073
W06000002,15.0,46911.0,431.0,3105.0,2001,0.8781108597285068
W06000001,4.0,26167.0,263.0,1669.0,2001,0.8638716356107661
W06000024,8.0,19887.0,117.0,1063.0,2001,0.9008474576271186
W06000021,10.0,38313.0,552.0,1794.0,2001,0.7647058823529411
W06000012,8.0,50051.0,292.0,3060.0,2001,0.9128878281622912
W06000022,23.0,56325.0,458.0,2736.0,2001,0.8566061365059486
W06000009,7.0,44897.0,411.0,2825.0,2001,0.872991347342398
W06000023,8.0,56925.0,428.0,3313.0,2001,0.8855920876770916
W06000016,27.0,88385.0,393.0,4988.0,2001,0.9269652480951496
W06000011,62.0,88111.0,1115.0,4580.0,2001,0.8042142230026339
W06000020,4.0,36852.0,131.0,2002.0,2001,0.9385841537740272
W06000014,19.0,52118.0,693.0,2571.0,2001,0.7876838235294118
W06000006,21.0,57080.0,473.0,3229.0,2001,0.8722312263641275
E08000025,753.0,367141.0,4589.0,19266.0,2001,0.8076294277929156
E07000234,18.0,43351.0,630.0,2176.0,2001,0.7754811119030649
E07000192,5.0,44000.0,94.0,2214.0,2001,0.9592720970537262
E08000026,200.0,125724.0,666.0,6519.0,2001,0.9073068893528183
E08000027,50.0,139935.0,597.0,6587.0,2001,0.9168986636971047
E07000193,23.0,48417.0,355.0,2364.0,2001,0.8694372931224715
E06000019,29.0,81289.0,720.0,4686.0,2001,0.8668146503884573
E07000194,12.0,46163.0,398.0,2012.0,2001,0.8348547717842324
E07000235,35.0,33414.0,302.0,1761.0,2001,0.8536112457586039
E07000195,23.0,54987.0,448.0,2962.0,2001,0.8686217008797654
E07000218,6.0,30533.0,157.0,1383.0,2001,0.8980519480519481
E07000219,12.0,56613.0,255.0,3006.0,2001,0.921803127874885
E07000236,16.0,40258.0,157.0,1849.0,2001,0.9217347956131605
E07000220,16.0,43284.0,309.0,2027.0,2001,0.867722602739726
E08000028,106.0,113562.0,367.0,5621.0,2001,0.9387107548430194
E06000051,60.0,135436.0,1261.0,7537.0,2001,0.8566719709024778
E08000029,86.0,93400.0,1001.0,3743.0,2001,0.7889966273187183
E07000196,9.0,52427.0,316.0,2152.0,2001,0.8719611021069692
E07000197,26.0,58761.0,578.0,2774.0,2001,0.8275656324582339
E07000198,5.0,45596.0,218.0,2555.0,2001,0.9213847818247386
E06000021,31.0,98817.0,355.0,5788.0,2001,0.9422106462640404
E07000221,21.0,56543.0,478.0,2319.0,2001,0.8291026099392206
E07000199,12.0,37012.0,81.0,1459.0,2001,0.9474025974025974
E06000020,20.0,74380.0,335.0,3399.0,2001,0.9102838778789502
E08000030,30.0,105590.0,554.0,5335.0,2001,0.9059263032772966
E07000222,52.0,62658.0,729.0,2640.0,2001,0.7836153161175423
E08000031,72.0,94926.0,629.0,4658.0,2001,0.8810289389067524
E07000237,16.0,47003.0,303.0,2223.0,2001,0.8800475059382423
E07000238,16.0,56186.0,423.0,2537.0,2001,0.8570945945945946
E07000239,18.0,47161.0,232.0,2613.0,2001,0.9184534270650263
E08000016,4.0,88762.0,421.0,5319.0,2001,0.9266550522648084
E08000032,165.0,191250.0,1410.0,10709.0,2001,0.8836537668124432
E08000033,28.0,88038.0,683.0,4968.0,2001,0.8791364360290214
E07000163,10.0,25721.0,238.0,1362.0,2001,0.85125
E08000017,44.0,118362.0,657.0,7378.0,2001,0.918232731798382
E06000011,41.0,144858.0,1518.0,7722.0,2001,0.8357142857142857
E07000164,8.0,41890.0,597.0,2070.0,2001,0.7761529808773904
E07000165,34.0,75755.0,899.0,3720.0,2001,0.8053691275167785
E06000010,107.0,95957.0,438.0,5497.0,2001,0.9262005054759899
E08000034,99.0,174023.0,1308.0,9053.0,2001,0.8737573593282502
E08000035,365.0,322831.0,3761.0,17169.0,2001,0.8203057811753464
E06000012,31.0,65832.0,435.0,3566.0,2001,0.8912771807048238
E06000013,26.0,68083.0,449.0,3576.0,2001,0.8884472049689441
E07000166,7.0,24124.0,184.0,1136.0,2001,0.8606060606060606
E08000018,37.0,106489.0,538.0,6318.0,2001,0.9215285880980163
E07000167,16.0,24184.0,199.0,1242.0,2001,0.8619014573213046
E07000168,8.0,44976.0,374.0,2637.0,2001,0.8757887744935238
E07000169,5.0,37885.0,234.0,1811.0,2001,0.8855745721271394
E08000019,290.0,218493.0,3130.0,11897.0,2001,0.7917082584680908
E08000036,43.0,138021.0,878.0,7507.0,2001,0.8952892069171139
E06000014,33.0,87305.0,795.0,4284.0,2001,0.8434731246308328
Cells in this dataset have been randomly adjusted to avoid the release,,,,,2001,
of confidential data.,,,,,2001,
,,,,,2001,
E07000032,,59625.0,8802.0,5346.0,2011,0.37786259541984735
E07000170,,55484.0,5901.0,5737.0,2011,0.49295411582746174
E07000171,,53092.0,6803.0,5671.0,2011,0.45462562129228795
E07000129,,48510.0,7723.0,4246.0,2011,0.3547497702397861
E07000033,,34676.0,3768.0,3836.0,2011,0.5044713308784851
E07000136,,30978.0,3087.0,2992.0,2011,0.49218621483796676
E07000172,,53367.0,10932.0,4217.0,2011,0.27836820912271437
E07000130,,79998.0,14324.0,7311.0,2011,0.33792465911717123
E07000034,,48095.0,6975.0,5357.0,2011,0.43439831333117096
E07000150,,30779.0,2773.0,2534.0,2011,0.4774825701903147
E07000151,,39789.0,6635.0,3239.0,2011,0.3280332185537776
E06000015,,112844.0,18461.0,11271.0,2011,0.37908650612135075
E07000035,,35354.0,6747.0,2864.0,2011,0.29799188429924045
E07000137,,56911.0,6575.0,6615.0,2011,0.5015163002274451
E07000152,,43651.0,6547.0,4083.0,2011,0.384101599247413
E07000036,,55112.0,7507.0,4915.0,2011,0.3956689744002576
E07000173,,55929.0,9345.0,5188.0,2011,0.35698066469414436
E07000131,,44413.0,8486.0,3471.0,2011,0.29029020657355525
E07000037,,45862.0,8157.0,4599.0,2011,0.3605362182502352
E07000132,,54065.0,8330.0,4809.0,2011,0.366009589770911
E07000153,,47164.0,7122.0,4601.0,2011,0.3924763285848332
E06000016,,137987.0,19677.0,13412.0,2011,0.4053310767928919
E07000138,,44776.0,6033.0,4792.0,2011,0.44267898383371823
E07000174,,48561.0,5369.0,5297.0,2011,0.49662478904931556
E07000133,,26380.0,3956.0,2574.0,2011,0.39418070444104136
E07000175,,54899.0,7984.0,5449.0,2011,0.40564281992108986
E07000038,,47132.0,6749.0,4548.0,2011,0.40258475701513674
E07000139,,52708.0,7481.0,5222.0,2011,0.41108399590647876
E07000134,,46522.0,6942.0,4254.0,2011,0.379957127545552
E07000154,,107167.0,15740.0,10313.0,2011,0.395846927417188
E06000018,,123743.0,19498.0,12660.0,2011,0.39368119907954474
E07000135,,26550.0,4567.0,2361.0,2011,0.34079099307159355
E07000176,,55665.0,14648.0,3845.0,2011,0.20791650894933217
E06000017,,18195.0,3233.0,1470.0,2011,0.3125664469487561
E07000039,,48103.0,7751.0,4237.0,2011,0.35343677010343677
E07000140,,41801.0,4059.0,3812.0,2011,0.4843094905348749
E07000141,,66971.0,10159.0,6372.0,2011,0.385457625068054
E07000155,,46045.0,8076.0,3612.0,2011,0.30903490759753593
E07000156,,36504.0,4606.0,3322.0,2011,0.41902119071644806
E07000142,,42323.0,6641.0,4444.0,2011,0.4009021199819576
E07000200,,42632.0,6500.0,3964.0,2011,0.37882262996941896
E07000066,,83490.0,11436.0,7429.0,2011,0.3937980386959979
E06000055,,76270.0,13755.0,7089.0,2011,0.340097869890616
E07000067,,74572.0,10068.0,7372.0,2011,0.4227064220183486
E07000143,,61794.0,6703.0,6507.0,2011,0.49258137774413324
E07000068,,36621.0,7510.0,2943.0,2011,0.28154596766478523
E07000144,,62011.0,8859.0,6215.0,2011,0.41229932333819824
E07000095,,46481.0,5633.0,4046.0,2011,0.4180183903295795
E07000008,,59865.0,22741.0,4337.0,2011,0.16016692517911219
E07000069,,41711.0,4606.0,3852.0,2011,0.4554268148498463
E06000056,,132767.0,22228.0,11532.0,2011,0.3415876777251185
E07000070,,86925.0,16496.0,6952.0,2011,0.2964858410098942
E07000071,,86075.0,15027.0,8845.0,2011,0.37051776139410186
E07000096,,73921.0,13830.0,6297.0,2011,0.31286331793113725
E07000009,,44228.0,8115.0,4417.0,2011,0.3524577082668369
E07000242,,72644.0,14701.0,5765.0,2011,0.28168669989250467
E07000072,,62256.0,10201.0,4910.0,2011,0.3249288597710277
E07000010,,44777.0,4208.0,4745.0,2011,0.52998994750363
E07000201,,31734.0,3254.0,3760.0,2011,0.5360707157114343
E07000145,,41545.0,4178.0,4966.0,2011,0.5430883639545057
E07000073,,40562.0,5007.0,4166.0,2011,0.45415894472909624
E07000098,,49933.0,9687.0,4502.0,2011,0.3172880400310099
E07000011,,89440.0,15035.0,7903.0,2011,0.34453744877495857
E07000202,,65756.0,9276.0,6642.0,2011,0.4172634753109687
E07000146,,67770.0,8192.0,7018.0,2011,0.4614069690992768
E06000032,,89589.0,12093.0,9133.0,2011,0.43027419202864414
E07000074,,30543.0,4567.0,2616.0,2011,0.3641932340247807
E07000203,,48942.0,7426.0,4396.0,2011,0.371849094907799
E07000099,,65407.0,14492.0,5388.0,2011,0.2710261569416499
E07000147,,43651.0,5239.0,5049.0,2011,0.49076594090202175
E07000148,,62748.0,12237.0,5925.0,2011,0.32623059134456556
E06000031,,88414.0,11673.0,8151.0,2011,0.4111682808716707
E07000075,,40878.0,5950.0,3301.0,2011,0.35682628904983243
E07000012,,79690.0,21310.0,6539.0,2011,0.23480196775467702
E07000149,,60798.0,10636.0,5655.0,2011,0.34712417899453685
E06000033,,81899.0,13138.0,7801.0,2011,0.372558383876976
E07000240,,71818.0,20485.0,5111.0,2011,0.19967963744335052
E07000204,,56839.0,8350.0,5722.0,2011,0.406623081296191
E07000243,,42934.0,6856.0,4200.0,2011,0.37988422575976843
E07000205,,58882.0,10264.0,5426.0,2011,0.3458253664754621
E07000076,,55406.0,6084.0,7463.0,2011,0.5508968775374622
E07000102,,44333.0,9388.0,3665.0,2011,0.2807783651267908
E06000034,,77668.0,8746.0,6411.0,2011,0.4229728838160586
E07000077,,41144.0,7565.0,3444.0,2011,0.31283495322009264
E07000103,,47835.0,9499.0,4252.0,2011,0.30921387535451966
E07000206,,49561.0,5741.0,5924.0,2011,0.5078439777111016
E07000241,,53358.0,10032.0,4623.0,2011,0.31545547594677587
E09000002,,75493.0,10046.0,8455.0,2011,0.45700232419869197
E09000003,,172470.0,42565.0,14187.0,2011,0.2499823794756132
E09000004,,110680.0,16282.0,9877.0,2011,0.37757559539737756
E09000005,,148292.0,26969.0,12073.0,2011,0.3092310844731315
E09000006,,152363.0,32575.0,11644.0,2011,0.2633257197132454
E09000007,,110168.0,35083.0,6150.0,2011,0.1491523779497005
E09000001,,4785.0,1904.0,129.0,2011,0.06345302508607968
E09000008,,173926.0,34098.0,16428.0,2011,0.32513953212207575
E09000009,,165800.0,34832.0,12408.0,2011,0.26265876375952585
E09000010,,138390.0,26236.0,13146.0,2011,0.33380732314255246
E09000011,,118330.0,24160.0,11462.0,2011,0.32176744708326316
E09000012,,119051.0,29734.0,8899.0,2011,0.23034711257215335
E09000013,,100148.0,27039.0,6518.0,2011,0.1942366719313407
E09000014,,124845.0,29820.0,9585.0,2011,0.24324324324324326
E09000015,,114755.0,26615.0,8406.0,2011,0.24002741212415407
E09000016,,113551.0,16040.0,9554.0,2011,0.3732906149878878
E09000017,,130973.0,22353.0,11583.0,2011,0.34131895332390383
E09000018,,127613.0,23584.0,10672.0,2011,0.3115366651097618
E09000019,,107255.0,33474.0,6176.0,2011,0.1557629255989912
E09000020,,82386.0,19262.0,4966.0,2011,0.20496945682681195
E09000021,,82434.0,20759.0,6214.0,2011,0.23037852667482298
E09000022,,167205.0,42956.0,12440.0,2011,0.22456495053794498
E09000023,,136570.0,30905.0,12869.0,2011,0.2939872983963083
E09000024,,105369.0,25717.0,8156.0,2011,0.24078174357157617
E09000025,,132787.0,19713.0,12182.0,2011,0.38194074306317605
E09000026,,125362.0,28665.0,9242.0,2011,0.24380721238821326
E09000027,,99916.0,29615.0,6160.0,2011,0.1721872816212439
E09000028,,147995.0,38136.0,12218.0,2011,0.2426420939746594
E09000029,,98207.0,18813.0,9023.0,2011,0.3241485845667481
E09000030,,121244.0,31093.0,7217.0,2011,0.18838423388149309
E09000031,,121461.0,21688.0,10476.0,2011,0.3257057579902997
E09000032,,179439.0,51930.0,10910.0,2011,0.17361553150859324
E09000033,,112518.0,29926.0,6085.0,2011,0.16897614617755685
E06000047,,228857.0,33166.0,23489.0,2011,0.4145971229370753
E06000005,,49215.0,7473.0,4845.0,2011,0.393326838772528
E08000037,,92238.0,14022.0,8677.0,2011,0.3822635358385832
E06000001,,37894.0,4931.0,4366.0,2011,0.4696138539313757
E06000002,,54709.0,7266.0,6658.0,2011,0.4781671933352485
E08000021,,119840.0,24404.0,10766.0,2011,0.3061131646289451
E08000022,,96409.0,17005.0,8701.0,2011,0.338481288415156
E06000057,,147827.0,22914.0,15631.0,2011,0.40552600856142174
E06000003,,56593.0,7440.0,6850.0,2011,0.4793561931420574
E08000023,,64867.0,8569.0,6750.0,2011,0.4406292838958156
E06000004,,87397.0,13928.0,8544.0,2011,0.3802064791740833
E08000024,,121920.0,14885.0,12160.0,2011,0.44962100203364763
E07000026,,46455.0,6066.0,4640.0,2011,0.43340183074911265
E07000027,,31344.0,4613.0,3604.0,2011,0.43860289643422173
E06000008,,60726.0,8507.0,6834.0,2011,0.445472915716055
E06000009,,61782.0,6359.0,7565.0,2011,0.5433065211146222
E08000001,,123803.0,18489.0,12002.0,2011,0.393624348168312
E07000117,,38304.0,4872.0,4639.0,2011,0.48775102512879825
E08000002,,88452.0,15368.0,8572.0,2011,0.35806182121971597
E07000028,,54198.0,6677.0,5181.0,2011,0.43692022263450836
E06000049,,182448.0,35695.0,16172.0,2011,0.3117974820213238
E06000050,,161037.0,29168.0,14370.0,2011,0.33005650236574946
E07000118,,53890.0,9570.0,5416.0,2011,0.36140397704524224
E07000029,,33073.0,4825.0,3127.0,2011,0.3932344064386318
E07000030,,27785.0,3594.0,2505.0,2011,0.4107230693556321
E07000119,,34796.0,7199.0,3294.0,2011,0.3139235680930144
E06000006,,57771.0,6880.0,5478.0,2011,0.4432756109402816
E07000120,,36138.0,4324.0,4479.0,2011,0.5088038168806088
E08000011,,61932.0,7221.0,7348.0,2011,0.5043585695655158
E07000121,,63197.0,11420.0,7609.0,2011,0.39986336644069576
E08000012,,197457.0,34504.0,20796.0,2011,0.3760578661844485
E08000003,,214459.0,42893.0,20918.0,2011,0.3278118192788077
E08000004,,96668.0,12531.0,9984.0,2011,0.443437708194537
E07000122,,39498.0,5193.0,4266.0,2011,0.4509990485252141
E07000123,,64462.0,10448.0,6218.0,2011,0.37309492379695186
E07000124,,28940.0,5832.0,2766.0,2011,0.3217027215631542
E08000005,,91165.0,12451.0,10092.0,2011,0.44767777137027015
E07000125,,32936.0,5427.0,3688.0,2011,0.40460778935820074
E08000006,,107288.0,16168.0,10858.0,2011,0.4017612669281433
E08000014,,122709.0,19720.0,13208.0,2011,0.4011175898931001
E07000031,,52190.0,8499.0,4724.0,2011,0.3572562958481434
E07000126,,56036.0,9215.0,5550.0,2011,0.37588892651540806
E08000013,,78862.0,11557.0,8605.0,2011,0.42679297688721357
E08000007,,137978.0,27219.0,12920.0,2011,0.3218814619198286
E08000008,,102255.0,12155.0,10181.0,2011,0.4558112464183381
E08000009,,111465.0,25013.0,8837.0,2011,0.26106351550960116
E06000007,,101235.0,18323.0,8652.0,2011,0.32074142724745136
E07000127,,52045.0,8827.0,5321.0,2011,0.37609556121006504
E08000010,,150332.0,20145.0,15422.0,2011,0.43360418365338654
E08000015,,140681.0,24866.0,15334.0,2011,0.38144278606965176
E07000128,,48895.0,7446.0,5160.0,2011,0.40932889100428366
E07000223,,29578.0,4259.0,3432.0,2011,0.44623586009621635
E07000224,,68079.0,9036.0,8279.0,2011,0.47814034074501877
E07000105,,57956.0,9107.0,5306.0,2011,0.36813987372510926
E07000004,,91251.0,17066.0,8120.0,2011,0.32240133407448585
E07000084,,90556.0,17575.0,7449.0,2011,0.2976742327365729
E06000036,,62184.0,11607.0,5806.0,2011,0.3334290472635387
E06000043,,140638.0,31910.0,12987.0,2011,0.2892620887809876
E07000106,,66079.0,13540.0,6744.0,2011,0.33247880102543875
E07000177,,75249.0,12513.0,6335.0,2011,0.3361099320882852
E07000225,,53905.0,10087.0,5199.0,2011,0.3401151380348031
E07000005,,45189.0,10414.0,3673.0,2011,0.2607368495776248
E07000226,,55676.0,6828.0,6680.0,2011,0.49452176488007105
E07000107,,49818.0,7245.0,4426.0,2011,0.37923057150201356
E07000108,,50716.0,7272.0,6484.0,2011,0.4713579528932829
E07000085,,58977.0,11407.0,5669.0,2011,0.33198641368001874
E07000061,,44793.0,7423.0,5514.0,2011,0.426219370796939
E07000086,,66048.0,11841.0,5880.0,2011,0.33180971728457764
E07000207,,65279.0,15932.0,4891.0,2011,0.23488450271334582
E07000208,,38273.0,8748.0,3291.0,2011,0.2733615748816347
E07000087,,56774.0,10390.0,4865.0,2011,0.3189118321861685
E07000112,,48639.0,6453.0,5727.0,2011,0.4701970443349754
E07000088,,40213.0,4881.0,4370.0,2011,0.47238136417684573
E07000109,,47868.0,6211.0,4291.0,2011,0.4085888402209103
E07000209,,70500.0,17257.0,5473.0,2011,0.24078310602727673
E07000089,,48313.0,10701.0,3602.0,2011,0.2518352793120324
E07000062,,40924.0,5722.0,5414.0,2011,0.48617097701149425
E07000090,,55875.0,8090.0,5591.0,2011,0.40866895694759153
E07000227,,66864.0,12789.0,6447.0,2011,0.3351528384279476
E06000046,,59735.0,8713.0,7208.0,2011,0.4527353809434081
E07000063,,46016.0,8286.0,4999.0,2011,0.3762890477982687
E07000110,,78511.0,12863.0,6633.0,2011,0.3402236356175626
E06000035,,127127.0,16464.0,12193.0,2011,0.4254806853473846
E07000228,,72805.0,14178.0,7752.0,2011,0.35348837209302325
E06000042,,128238.0,23267.0,10083.0,2011,0.3023388305847076
E07000210,,42785.0,9587.0,3691.0,2011,0.27797861123663203
E07000091,,83749.0,13383.0,8724.0,2011,0.394626136517845
E07000178,,70245.0,23616.0,5744.0,2011,0.19564032697547684
E06000044,,97004.0,15358.0,9294.0,2011,0.37700795067337334
E06000038,,80199.0,19622.0,6845.0,2011,0.25862394680167755
E07000211,,71716.0,14773.0,6789.0,2011,0.31485947500231887
E07000064,,38065.0,6151.0,4303.0,2011,0.4116127797972068
E07000212,,40985.0,7739.0,3673.0,2011,0.32185418857343145
E07000092,,51271.0,7516.0,5059.0,2011,0.4023061630218688
E07000111,,56499.0,10843.0,4530.0,2011,0.2946724777206791
E06000039,,67557.0,10527.0,6286.0,2011,0.3738773568072325
E07000006,,33442.0,6973.0,2349.0,2011,0.25198455267110065
E07000179,,70714.0,15122.0,5725.0,2011,0.2746198493788075
E06000045,,113043.0,19260.0,10967.0,2011,0.3628213186885897
E07000213,,50484.0,8223.0,4468.0,2011,0.35206051532582144
E07000214,,45303.0,9199.0,3835.0,2011,0.29423047414454506
E07000113,,63118.0,8057.0,6085.0,2011,0.43027860274360064
E07000215,,42142.0,7914.0,4076.0,2011,0.33994995829858216
E07000093,,60042.0,10933.0,5121.0,2011,0.31898592251152363
E07000114,,55589.0,7839.0,7482.0,2011,0.48834932445662815
E07000115,,60326.0,10330.0,5247.0,2011,0.33684278102330356
E07000116,,57630.0,11841.0,4780.0,2011,0.28758799109560196
E07000180,,63646.0,14741.0,5053.0,2011,0.2552793775891684
E07000216,,59760.0,14243.0,4958.0,2011,0.2582157179313577
E07000065,,71755.0,12284.0,7173.0,2011,0.3686590944133217
E06000037,,82149.0,16607.0,7183.0,2011,0.30193358554014293
E07000181,,57076.0,10502.0,5028.0,2011,0.32376046361880234
E07000094,,57793.0,14653.0,4416.0,2011,0.23158005139231214
E06000040,,74499.0,16506.0,5624.0,2011,0.25413465883416175
E07000217,,51673.0,11834.0,4376.0,2011,0.2699568167797656
E06000041,,81786.0,20959.0,6155.0,2011,0.22700449952054289
E07000229,,50977.0,8648.0,6025.0,2011,0.41061814216588294
E07000007,,86901.0,16820.0,7135.0,2011,0.2978501356710499
E06000022,,85473.0,18742.0,7276.0,2011,0.27965254823583674
E06000028,,89720.0,14701.0,9222.0,2011,0.385486770053923
E06000023,,210925.0,47657.0,17999.0,2011,0.2741409772145729
E07000078,,59529.0,12363.0,4796.0,2011,0.2795034675680401
E07000048,,20530.0,3388.0,2076.0,2011,0.37994143484626647
E06000052,,246549.0,33992.0,25925.0,2011,0.43268187659595775
E07000079,,42048.0,7242.0,3741.0,2011,0.340617317672767
E07000040,,60554.0,9261.0,6452.0,2011,0.4106154139884172
E07000049,,40451.0,6929.0,3689.0,2011,0.3474288943303824
E07000041,,57427.0,11025.0,5570.0,2011,0.33564326604398914
E07000080,,39372.0,5454.0,4253.0,2011,0.4381374265993613
E07000081,,61652.0,8384.0,6594.0,2011,0.44024569368406996
E06000053,,1344.0,124.0,147.0,2011,0.5424354243542435
E07000187,,54272.0,8604.0,5466.0,2011,0.3884861407249467
E07000042,,38866.0,5723.0,3769.0,2011,0.3970712178676781
E07000043,,45224.0,5943.0,4554.0,2011,0.4338382394969991
E07000050,,33765.0,4912.0,3184.0,2011,0.3932806324110672
E06000024,,98256.0,16909.0,9647.0,2011,0.36327007079379425
E06000026,,117891.0,16227.0,12952.0,2011,0.44388087323074815
E06000029,,72164.0,11882.0,6676.0,2011,0.35973704062937817
E07000051,,21662.0,2993.0,2180.0,2011,0.42141890585733616
E07000188,,54956.0,7117.0,5829.0,2011,0.4502549049899583
E06000025,,137271.0,23772.0,11713.0,2011,0.3300831337184726
E07000044,,40479.0,7597.0,3690.0,2011,0.32692478072118364
E07000189,,79424.0,11458.0,8086.0,2011,0.4137331150225133
E07000082,,57745.0,10984.0,5412.0,2011,0.3300805074408392
E06000030,,109872.0,17064.0,8915.0,2011,0.34316178451826473
E07000190,,54619.0,9127.0,6294.0,2011,0.4081447376953505
E07000045,,59453.0,9699.0,6366.0,2011,0.39626517273576095
E07000083,,41849.0,7054.0,3525.0,2011,0.333207297476132
E06000027,,57396.0,7070.0,7314.0,2011,0.5084816462736373
E07000046,,29731.0,3381.0,3477.0,2011,0.5069991251093613
E07000047,,25527.0,4370.0,2525.0,2011,0.36620739666424945
E07000052,,46237.0,7970.0,4561.0,2011,0.3639773362062086
E07000191,,15557.0,1819.0,1909.0,2011,0.5120708154506438
E07000053,,30170.0,4069.0,3652.0,2011,0.47299572594223543
E06000054,,240956.0,40187.0,22015.0,2011,0.353927526446095
W06000019,,28400.0,3093.0,3729.0,2011,0.5466138962181178
W06000013,,61551.0,9209.0,6535.0,2011,0.41507876016260165
W06000018,,77756.0,9854.0,7933.0,2011,0.44599988755832914
W06000015,,160377.0,36128.0,13538.0,2011,0.2725808400112753
W06000010,,81402.0,12255.0,9005.0,2011,0.4235653809971778
W06000008,,32853.0,5475.0,3267.0,2011,0.37371310912834593
W06000003,,50627.0,7880.0,6167.0,2011,0.4390261265750694
W06000004,,41474.0,6678.0,5471.0,2011,0.45032512964029964
W06000005,,74421.0,10142.0,7124.0,2011,0.41260280319703463
W06000002,,54523.0,8634.0,6329.0,2011,0.4229766758003074
W06000001,,30726.0,4693.0,3570.0,2011,0.43204647222558396
W06000024,,25202.0,3194.0,2762.0,2011,0.46373404969778376
W06000021,,43210.0,8747.0,3736.0,2011,0.29928703036129134
W06000012,,59258.0,7651.0,6700.0,2011,0.4668664204585046
W06000022,,64691.0,9853.0,6215.0,2011,0.38679362708488924
W06000009,,54774.0,7161.0,6344.0,2011,0.4697519437245465
W06000023,,64632.0,9065.0,6500.0,2011,0.41760359781561196
W06000016,,99690.0,13856.0,11770.0,2011,0.4592991493014907
W06000011,,103457.0,17792.0,10060.0,2011,0.361194887261238
W06000020,,40415.0,5135.0,4511.0,2011,0.46765498652291104
W06000014,,59274.0,10846.0,6048.0,2011,0.3579969219841364
W06000006,,63967.0,9123.0,6737.0,2011,0.42477931904161415
E08000025,,425748.0,77693.0,42754.0,2011,0.35496110322382457
E07000234,,46604.0,9791.0,4147.0,2011,0.29753192710575405
E07000192,,47599.0,5269.0,4685.0,2011,0.47066505927265423
E08000026,,138142.0,22162.0,13555.0,2011,0.37951115715205647
E08000027,,142669.0,19950.0,13616.0,2011,0.4056485729607341
E07000193,,55186.0,8032.0,4677.0,2011,0.3680069242269258
E06000019,,91250.0,13191.0,8973.0,2011,0.4048456957227937
E07000194,,49339.0,9091.0,3813.0,2011,0.2954897706137632
E07000235,,34767.0,7052.0,3172.0,2011,0.3102503912363067
E07000195,,57642.0,9073.0,5623.0,2011,0.38262112139357646
E07000218,,31418.0,4073.0,2692.0,2011,0.39793052475979307
E07000219,,60416.0,7741.0,5989.0,2011,0.4361981063364894
E07000236,,43095.0,5643.0,4013.0,2011,0.41559652029826016
E07000220,,50716.0,8938.0,4031.0,2011,0.3108181047112345
E08000028,,129039.0,14340.0,13077.0,2011,0.476966845387898
E06000051,,152309.0,24084.0,15249.0,2011,0.38768972618412023
E08000029,,98539.0,19550.0,8120.0,2011,0.29345861944344054
E07000196,,53674.0,8872.0,4338.0,2011,0.3283875851627555
E07000197,,64886.0,12363.0,5506.0,2011,0.3081314007499021
E07000198,,47942.0,7042.0,4713.0,2011,0.40093577201190983
E06000021,,108538.0,11354.0,11958.0,2011,0.5129547014413178
E07000221,,61377.0,11343.0,4980.0,2011,0.30509097592354345
E07000199,,38392.0,4422.0,3138.0,2011,0.4150793650793651
E06000020,,78624.0,10940.0,7322.0,2011,0.4009418464571241
E08000030,,112780.0,14237.0,11131.0,2011,0.43878114159571113
E07000222,,70069.0,17469.0,5487.0,2011,0.23902247778358598
E08000031,,104765.0,14309.0,10724.0,2011,0.4283945192346103
E07000237,,50330.0,9112.0,4608.0,2011,0.3358600583090379
E07000238,,58785.0,9467.0,5114.0,2011,0.3507304025786983
E07000239,,46672.0,6293.0,4843.0,2011,0.4348958333333333
E08000016,,104015.0,12877.0,10806.0,2011,0.4562766541401005
E08000032,,219947.0,32167.0,22399.0,2011,0.4104937140343804
E08000033,,97063.0,16381.0,9478.0,2011,0.3665261611044511
E07000163,,27916.0,5109.0,2428.0,2011,0.3221440891601433
E08000017,,134460.0,15162.0,13924.0,2011,0.4787182837103761
E06000011,,159885.0,25973.0,15319.0,2011,0.3709919597016371
E07000164,,45714.0,7814.0,3837.0,2011,0.32932795468200154
E07000165,,82088.0,14960.0,7399.0,2011,0.3309181984883045
E06000010,,111269.0,11635.0,11602.0,2011,0.49928992554976975
E08000034,,193183.0,30039.0,17881.0,2011,0.37314273789649416
E08000035,,356677.0,66014.0,32435.0,2011,0.329459923412122
E06000012,,71144.0,7398.0,7371.0,2011,0.4990859232175503
E06000013,,78459.0,9560.0,7494.0,2011,0.43942770024627653
E07000166,,28015.0,3286.0,2172.0,2011,0.3979479662880176
E08000018,,115323.0,14447.0,12009.0,2011,0.4539234956153613
E07000167,,25818.0,3635.0,2375.0,2011,0.3951747088186356
E07000168,,48747.0,6223.0,5218.0,2011,0.4560790140721965
E07000169,,43495.0,6689.0,3827.0,2011,0.36392164321034615
E08000019,,245255.0,47949.0,23291.0,2011,0.3269371139809096
E08000036,,152354.0,18524.0,14859.0,2011,0.44510679088158644
E06000014,,99183.0,19938.0,9021.0,2011,0.3115093753237336
"In order to protect against disclosure of personal information, records",,,,,2011,
have been swapped between different geographic areas. Some counts will,,,,,2011,
"be affected, particularly small counts at the lowest geographies",,,,,2011,
,,,,,2011,
,,,,,2011,
,,,,,2011,
All usual residents aged 16 and over in employment the week before the census,,,,,2011,
Persons,,,,,2011,
2011,,,,,2011,
"O, P, Q Public administration, education and health",,,,,2011,
mnemonic,,,,,2011,
E07000032,,15791.0,4784.0,3805.0,2011,0.44300849924321806
E07000170,,14595.0,3289.0,4248.0,2011,0.5636194772455885
E07000171,,15198.0,4310.0,4253.0,2011,0.4966717271984118
E07000129,,13658.0,4345.0,3066.0,2011,0.41370935096478206
E07000033,,9262.0,2173.0,2811.0,2011,0.5640048154093098
E07000136,,7575.0,2201.0,2271.0,2011,0.5078264758497316
E07000172,,17003.0,6531.0,3005.0,2011,0.31512164429530204
E07000130,,23377.0,8256.0,5161.0,2011,0.3846612506521577
E07000034,,14942.0,4212.0,3942.0,2011,0.48344370860927155
E07000150,,5831.0,1388.0,1856.0,2011,0.5721331689272503
E07000151,,9535.0,3279.0,2250.0,2011,0.40694519804666307
E06000015,,32094.0,9869.0,8207.0,2011,0.45402743969904846
E07000035,,9719.0,3860.0,1909.0,2011,0.3309065695961172
E07000137,,16646.0,4468.0,4784.0,2011,0.5170773886727195
E07000152,,11361.0,3518.0,3017.0,2011,0.46166794185156845
E07000036,,14061.0,4092.0,3406.0,2011,0.4542544678580955
E07000173,,17857.0,5821.0,3640.0,2011,0.3847373427756051
E07000131,,12178.0,4831.0,2388.0,2011,0.3307937387449785
E07000037,,13549.0,4754.0,3263.0,2011,0.4070101035299988
E07000132,,13640.0,4429.0,3475.0,2011,0.4396508097165992
E07000153,,13006.0,4205.0,3424.0,2011,0.44881373705597066
E06000016,,38826.0,12803.0,10064.0,2011,0.44011020247518257
E07000138,,13710.0,3995.0,3550.0,2011,0.47051027170311466
E07000174,,13872.0,3386.0,3837.0,2011,0.5312197147999447
E07000133,,6780.0,2151.0,1731.0,2011,0.44590417310664604
E07000175,,15443.0,4602.0,3889.0,2011,0.45801436815451657
E07000038,,13251.0,3947.0,3223.0,2011,0.4495118549511855
E07000139,,19643.0,4745.0,3862.0,2011,0.44870454281398864
E07000134,,11069.0,3439.0,2923.0,2011,0.45944671486953786
E07000154,,28181.0,8650.0,7696.0,2011,0.47081854888046004
E06000018,,36902.0,12004.0,9074.0,2011,0.43049625201632036
E07000135,,8470.0,2843.0,1773.0,2011,0.38409878682842286
E07000176,,18431.0,8276.0,2655.0,2011,0.24288720153691337
E06000017,,6185.0,1881.0,1012.0,2011,0.34980988593155893
E07000039,,12302.0,3982.0,2979.0,2011,0.42795575348369486
E07000140,,8213.0,2049.0,2683.0,2011,0.5669907016060862
E07000141,,18598.0,5567.0,4555.0,2011,0.4500098794704604
E07000155,,11570.0,3854.0,2535.0,2011,0.3967757082485522
E07000156,,8750.0,2381.0,2489.0,2011,0.511088295687885
E07000142,,13715.0,4326.0,3366.0,2011,0.437597503900156
E07000200,,11241.0,3439.0,2733.0,2011,0.44280622164614386
E07000066,,19787.0,5717.0,5291.0,2011,0.48065043604651164
E06000055,,23255.0,7608.0,5153.0,2011,0.4038084789593292
E07000067,,18909.0,4959.0,5022.0,2011,0.503155996393147
E07000143,,16332.0,3867.0,4612.0,2011,0.5439320674607855
E07000068,,9888.0,3715.0,2060.0,2011,0.3567099567099567
E07000144,,17358.0,4960.0,4432.0,2011,0.47189097103918226
E07000095,,10167.0,2619.0,2550.0,2011,0.4933255948926291
E07000008,,22707.0,11899.0,3126.0,2011,0.2080532445923461
E07000069,,9772.0,2267.0,2690.0,2011,0.5426669356465604
E06000056,,34914.0,10629.0,7899.0,2011,0.4263277202072539
E07000070,,24294.0,8321.0,4754.0,2011,0.3635946462715105
E07000071,,28192.0,8887.0,6356.0,2011,0.41697828511447876
E07000096,,18317.0,6012.0,4166.0,2011,0.4093142071133818
E07000009,,11555.0,3800.0,2872.0,2011,0.4304556354916067
E07000242,,18007.0,6409.0,3685.0,2011,0.3650683574400634
E07000072,,15251.0,4850.0,3126.0,2011,0.39192577733199596
E07000010,,10930.0,2220.0,3482.0,2011,0.6106629252893722
E07000201,,6815.0,1441.0,1784.0,2011,0.5531782945736434
E07000145,,11127.0,2661.0,3502.0,2011,0.568229758234626
E07000073,,10771.0,2843.0,3043.0,2011,0.516989466530751
E07000098,,13000.0,4540.0,2834.0,2011,0.38432329807431515
E07000011,,25049.0,7214.0,5607.0,2011,0.43732938148350364
E07000202,,17741.0,5089.0,4901.0,2011,0.49059059059059057
E07000146,,19246.0,5259.0,4987.0,2011,0.48672652742533673
E06000032,,22513.0,6475.0,6351.0,2011,0.49516606892250115
E07000074,,7365.0,2272.0,1828.0,2011,0.4458536585365854
E07000203,,13500.0,3983.0,3091.0,2011,0.4369522193949675
E07000099,,17431.0,6284.0,3782.0,2011,0.37572024637393203
E07000147,,11552.0,3162.0,3598.0,2011,0.5322485207100591
E07000148,,18875.0,7339.0,4316.0,2011,0.3703131703131703
E06000031,,22229.0,5836.0,5770.0,2011,0.49715664311562985
E07000075,,10354.0,2915.0,2275.0,2011,0.43834296724470134
E07000012,,25778.0,10143.0,4734.0,2011,0.31820931639443434
E07000149,,17862.0,6267.0,4097.0,2011,0.3953106908529525
E06000033,,23455.0,7856.0,5498.0,2011,0.41171184663771154
E07000240,,19460.0,8586.0,3484.0,2011,0.2886495443247722
E07000204,,16486.0,4757.0,3979.0,2011,0.4554716117216117
E07000243,,11082.0,3171.0,2992.0,2011,0.4854778516956028
E07000205,,16841.0,5352.0,3793.0,2011,0.4147621651175506
E07000076,,16098.0,3550.0,5549.0,2011,0.6098472359599956
E07000102,,11868.0,4239.0,2369.0,2011,0.3585048426150121
E06000034,,17530.0,4540.0,4474.0,2011,0.49633902817838915
E07000077,,10247.0,3418.0,2195.0,2011,0.39105647603776944
E07000103,,12660.0,4499.0,2854.0,2011,0.38814089487284104
E07000206,,13235.0,3389.0,4135.0,2011,0.5495746943115364
E07000241,,13691.0,4604.0,3169.0,2011,0.40769329731120546
E09000002,,21299.0,5987.0,5861.0,2011,0.49468264686022956
E09000003,,46270.0,20253.0,8616.0,2011,0.2984516263119609
E09000004,,31127.0,8552.0,6811.0,2011,0.44333788973507776
E09000005,,32565.0,12035.0,6953.0,2011,0.3661786391405098
E09000006,,43270.0,15790.0,7652.0,2011,0.32642266018257826
E09000007,,26072.0,13621.0,3176.0,2011,0.18908138358040127
E09000001,,775.0,446.0,50.0,2011,0.10080645161290322
E09000008,,53030.0,16927.0,11152.0,2011,0.39716514120873253
E09000009,,37543.0,15387.0,6977.0,2011,0.31197460203899124
E09000010,,40067.0,14385.0,8886.0,2011,0.3818486528297022
E09000011,,33989.0,11889.0,7448.0,2011,0.385168330144283
E09000012,,30820.0,13085.0,5545.0,2011,0.297638217928073
E09000013,,20679.0,9842.0,3147.0,2011,0.24228193086457772
E09000014,,33285.0,14538.0,5764.0,2011,0.28391291498374543
E09000015,,28858.0,11141.0,5389.0,2011,0.3260133091349062
E09000016,,29807.0,8671.0,6497.0,2011,0.428335970464135
E09000017,,33171.0,10600.0,7112.0,2011,0.4015356820234869
E09000018,,26178.0,9134.0,5774.0,2011,0.3873088274751811
E09000019,,25292.0,11697.0,3524.0,2011,0.23152223901189148
E09000020,,12456.0,5852.0,1832.0,2011,0.23841749089016137
E09000021,,22872.0,9404.0,3924.0,2011,0.29441776710684275
E09000022,,41989.0,17538.0,6867.0,2011,0.2813767670559312
E09000023,,41878.0,16261.0,8315.0,2011,0.3383382161458333
E09000024,,27495.0,10932.0,5101.0,2011,0.3181563026258342
E09000025,,30596.0,9919.0,7437.0,2011,0.4284973496197281
E09000026,,35928.0,14114.0,6309.0,2011,0.30891641776428536
E09000027,,24266.0,11490.0,3334.0,2011,0.2249055585536967
E09000028,,39692.0,16641.0,7370.0,2011,0.3069426512848278
E09000029,,29866.0,9724.0,6108.0,2011,0.3858009095502779
E09000030,,25387.0,10478.0,4431.0,2011,0.2972030317258032
E09000031,,33912.0,12332.0,6707.0,2011,0.3522769052996481
E09000032,,40141.0,18607.0,5973.0,2011,0.24300244100895035
E09000033,,19852.0,9165.0,2393.0,2011,0.20704274095864336
E06000047,,75768.0,21901.0,17347.0,2011,0.44198430493273544
E06000005,,15326.0,4553.0,3591.0,2011,0.44093811394891946
E08000037,,28770.0,8709.0,6214.0,2011,0.4164042082691148
E06000001,,12059.0,3217.0,3351.0,2011,0.5102009744214373
E06000002,,17718.0,4869.0,5108.0,2011,0.5119775483612309
E08000021,,40132.0,15541.0,7556.0,2011,0.32714205308048666
E08000022,,34557.0,10714.0,6250.0,2011,0.36842725772223534
E06000057,,49298.0,14340.0,11231.0,2011,0.4392084783543858
E06000003,,17997.0,4738.0,5181.0,2011,0.5223308801290453
E08000023,,21113.0,5325.0,4999.0,2011,0.48421154591243704
E06000004,,27664.0,8709.0,6353.0,2011,0.4217899349355995
E08000024,,37063.0,9635.0,8922.0,2011,0.48078892062294554
E07000026,,12169.0,3516.0,3213.0,2011,0.4774855104770397
E07000027,,8849.0,2390.0,2596.0,2011,0.520657841957481
E06000008,,18560.0,5374.0,5376.0,2011,0.500093023255814
E06000009,,19113.0,4064.0,5380.0,2011,0.5696738670055062
E08000001,,34751.0,10906.0,8658.0,2011,0.442547536291147
E07000117,,11333.0,3111.0,3614.0,2011,0.5373977695167286
E08000002,,27202.0,9391.0,6222.0,2011,0.39851405879715623
E07000028,,14553.0,4228.0,3608.0,2011,0.4604389994895355
E06000049,,46221.0,17038.0,10928.0,2011,0.3907602088250018
E06000050,,42320.0,15047.0,9674.0,2011,0.39132721168237533
E07000118,,17145.0,5644.0,4075.0,2011,0.41928181911719314
E07000029,,8326.0,2173.0,2255.0,2011,0.5092592592592593
E07000030,,6639.0,2181.0,1566.0,2011,0.41793434747798236
E07000119,,11018.0,3648.0,2325.0,2011,0.389251632345555
E06000006,,15058.0,3776.0,3943.0,2011,0.5108174634019951
E07000120,,10539.0,2662.0,3453.0,2011,0.5646770237121832
E08000011,,19407.0,4685.0,5293.0,2011,0.5304670274604129
E07000121,,22683.0,7971.0,5860.0,2011,0.4236859229267587
E08000012,,68271.0,23146.0,14789.0,2011,0.38985106102543826
E08000003,,63395.0,24535.0,14187.0,2011,0.3663808687567791
E08000004,,26991.0,7611.0,7363.0,2011,0.4917189795645786
E07000122,,10289.0,3020.0,3239.0,2011,0.5174948074772328
E07000123,,20256.0,6234.0,4616.0,2011,0.4254377880184332
E07000124,,9084.0,3631.0,2027.0,2011,0.3582537999293036
E08000005,,26686.0,7683.0,7501.0,2011,0.4940068493150685
E07000125,,10430.0,3492.0,2763.0,2011,0.441726618705036
E08000006,,29521.0,9109.0,7719.0,2011,0.45869978607083434
E08000014,,42798.0,12775.0,9627.0,2011,0.42973841621283815
E07000031,,13735.0,5071.0,3056.0,2011,0.3760305155653993
E07000126,,18200.0,5140.0,4040.0,2011,0.4400871459694989
E08000013,,24378.0,7277.0,6415.0,2011,0.4685217645340345
E08000007,,40619.0,15092.0,8913.0,2011,0.37129764632368256
E08000008,,27161.0,7014.0,7274.0,2011,0.5090985442329228
E08000009,,32162.0,13042.0,6016.0,2011,0.3156679609612761
E06000007,,27080.0,9238.0,5994.0,2011,0.39351365546218486
E07000127,,15948.0,5599.0,3908.0,2011,0.4110655306616178
E08000010,,41411.0,12170.0,11062.0,2011,0.47615358126721763
E08000015,,48352.0,15482.0,11038.0,2011,0.4162141779788839
E07000128,,16633.0,4723.0,3654.0,2011,0.4361943416497553
E07000223,,8305.0,2372.0,2392.0,2011,0.5020990764063812
E07000224,,19090.0,5177.0,5639.0,2011,0.5213572485207101
E07000105,,15226.0,5028.0,3713.0,2011,0.42477977348129503
E07000004,,26278.0,8708.0,5700.0,2011,0.39561354802887283
E07000084,,20497.0,6543.0,5011.0,2011,0.433702613813398
E06000036,,15409.0,4414.0,3706.0,2011,0.4564039408866995
E06000043,,42568.0,17996.0,7874.0,2011,0.30436799381523
E07000106,,24064.0,9216.0,4997.0,2011,0.3515795398578766
E07000177,,20806.0,6405.0,4462.0,2011,0.4106009018128278
E07000225,,15943.0,5731.0,3500.0,2011,0.37915718773697327
E07000005,,11436.0,4440.0,2442.0,2011,0.3548387096774194
E07000226,,10819.0,2682.0,3168.0,2011,0.5415384615384615
E07000107,,12979.0,3916.0,3078.0,2011,0.44009150700600513
E07000108,,16911.0,4416.0,4535.0,2011,0.5066473019774327
E07000085,,16487.0,5291.0,3931.0,2011,0.42626328345261333
E07000061,,15302.0,5136.0,3987.0,2011,0.4370272936534035
E07000086,,18284.0,5924.0,4120.0,2011,0.41019514137793706
E07000207,,14886.0,5983.0,2795.0,2011,0.3184096605149237
E07000208,,11260.0,4114.0,2209.0,2011,0.3493594812588961
E07000087,,17919.0,5460.0,3447.0,2011,0.386998989558774
E07000112,,14894.0,3710.0,4194.0,2011,0.5306174089068826
E07000088,,14389.0,2913.0,3249.0,2011,0.5272638753651412
E07000109,,11717.0,3337.0,2969.0,2011,0.47082143989850933
E07000209,,19654.0,7517.0,3514.0,2011,0.31855679448826035
E07000089,,12715.0,4083.0,2207.0,2011,0.35087440381558027
E07000062,,14228.0,3785.0,4167.0,2011,0.5240191146881288
E07000090,,15250.0,4216.0,3960.0,2011,0.4843444227005871
E07000227,,16194.0,5589.0,3834.0,2011,0.4068767908309456
E06000046,,19241.0,5631.0,5324.0,2011,0.4859881332724783
E07000063,,14569.0,4857.0,3398.0,2011,0.41162931556632343
E07000110,,22279.0,6915.0,4560.0,2011,0.39738562091503266
E06000035,,35769.0,9196.0,8857.0,2011,0.4906109787846895
E07000228,,20028.0,6776.0,4940.0,2011,0.4216456128371458
E06000042,,31200.0,10239.0,7299.0,2011,0.4161820047895997
E07000210,,10963.0,4063.0,2346.0,2011,0.3660477453580902
E07000091,,23228.0,7073.0,6046.0,2011,0.4608582971263054
E07000178,,29401.0,15195.0,4198.0,2011,0.21646986025885628
E06000044,,31376.0,9162.0,6605.0,2011,0.4189129193885964
E06000038,,20276.0,7482.0,4837.0,2011,0.39264550694049843
E07000211,,19002.0,6466.0,4283.0,2011,0.39845567029491114
E07000064,,11635.0,3523.0,3098.0,2011,0.467905150279414
E07000212,,9971.0,3421.0,2125.0,2011,0.3831590335376848
E07000092,,15301.0,3266.0,3432.0,2011,0.5123917587339505
E07000111,,13876.0,4886.0,3026.0,2011,0.38245702730030334
E06000039,,14158.0,4425.0,4000.0,2011,0.47477744807121663
E07000006,,7460.0,2763.0,1437.0,2011,0.34214285714285714
E07000179,,19286.0,6695.0,3857.0,2011,0.36552312357846856
E06000045,,31526.0,11191.0,7815.0,2011,0.4111859412817005
E07000213,,11170.0,3321.0,2429.0,2011,0.42243478260869566
E07000214,,11747.0,3786.0,2349.0,2011,0.3828850855745721
E07000113,,17326.0,4544.0,4460.0,2011,0.4953354064860062
E07000215,,11395.0,3470.0,2743.0,2011,0.4414936423627877
E07000093,,16556.0,5261.0,3461.0,2011,0.3968126576473286
E07000114,,18564.0,5218.0,5656.0,2011,0.5201397829685488
E07000115,,15901.0,5130.0,3539.0,2011,0.40823624408813014
E07000116,,14803.0,5809.0,3287.0,2011,0.36136763412489004
E07000180,,19804.0,6959.0,3448.0,2011,0.33131546074757373
E07000216,,16051.0,6161.0,3321.0,2011,0.3502425648597342
E07000065,,20022.0,6560.0,4792.0,2011,0.42212825933756165
E06000037,,19409.0,6227.0,4793.0,2011,0.43493647912885663
E07000181,,17666.0,5531.0,3505.0,2011,0.3878928729526339
E07000094,,18674.0,7486.0,3098.0,2011,0.29270597127739983
E06000040,,16696.0,6061.0,3168.0,2011,0.3432657926102503
E07000217,,12355.0,4246.0,2785.0,2011,0.3961029725501351
E06000041,,20822.0,7560.0,4166.0,2011,0.3552788674739894
E07000229,,15750.0,4714.0,4255.0,2011,0.47441186308395583
E07000007,,21117.0,7101.0,4720.0,2011,0.3992894002199476
E06000022,,27437.0,10581.0,5182.0,2011,0.3287445283258263
E06000028,,23658.0,8031.0,6374.0,2011,0.44248524817771606
E06000023,,63794.0,25323.0,13169.0,2011,0.34212303855346565
E07000078,,18695.0,6425.0,3391.0,2011,0.3454563977180114
E07000048,,5676.0,1873.0,1416.0,2011,0.43052599574338707
E06000052,,72766.0,22687.0,18651.0,2011,0.4511829309594078
E07000079,,9830.0,3281.0,2185.0,2011,0.39974387120380533
E07000040,,18504.0,5595.0,4604.0,2011,0.45141680556917346
E07000049,,10916.0,3653.0,2535.0,2011,0.4096638655462185
E07000041,,19394.0,7020.0,4041.0,2011,0.3653376729048006
E07000080,,10793.0,2898.0,3073.0,2011,0.5146541617819461
E07000081,,18399.0,4444.0,5029.0,2011,0.5308772300221682
E06000053,,297.0,94.0,81.0,2011,0.46285714285714286
E07000187,,14741.0,4928.0,3860.0,2011,0.43923532089212564
E07000042,,10592.0,3391.0,2805.0,2011,0.4527114267269206
E07000043,,12479.0,3862.0,3193.0,2011,0.452586817859674
E07000050,,10820.0,2964.0,2289.0,2011,0.4357509994288978
E06000024,,27850.0,8810.0,6944.0,2011,0.44077694553764124
E06000026,,41652.0,10864.0,9560.0,2011,0.4680767724245985
E06000029,,19560.0,6653.0,4688.0,2011,0.4133674279164095
E07000051,,6605.0,1742.0,1495.0,2011,0.46184738955823296
E07000188,,14521.0,3980.0,4300.0,2011,0.5193236714975845
E06000025,,38801.0,11698.0,8475.0,2011,0.4201159966291578
E07000044,,12742.0,4875.0,2575.0,2011,0.34563758389261745
E07000189,,22459.0,6246.0,5936.0,2011,0.48727630930881627
E07000082,,16163.0,5490.0,4037.0,2011,0.42374304607956337
E06000030,,22945.0,6709.0,6263.0,2011,0.482809127351218
E07000190,,19767.0,5966.0,4991.0,2011,0.4555078944966688
E07000045,,18377.0,6090.0,4609.0,2011,0.43078792410505656
E07000083,,12138.0,3389.0,2510.0,2011,0.42549584675368707
E06000027,,18046.0,4751.0,5339.0,2011,0.5291377601585728
E07000046,,7714.0,2075.0,2561.0,2011,0.5524158757549612
E07000047,,7723.0,2798.0,1855.0,2011,0.3986675263271008
E07000052,,15080.0,5129.0,3272.0,2011,0.3894774431615284
E07000191,,4020.0,1094.0,1296.0,2011,0.5422594142259414
E07000053,,10607.0,2626.0,2662.0,2011,0.5034039334341907
E06000054,,78082.0,20853.0,15263.0,2011,0.4226104773507587
W06000019,,9149.0,2148.0,2966.0,2011,0.5799765350019555
W06000013,,19896.0,5945.0,4964.0,2011,0.45503712530937757
W06000018,,23852.0,6234.0,5834.0,2011,0.4834272456082201
W06000015,,54514.0,22636.0,9278.0,2011,0.2907188067932569
W06000010,,28424.0,8791.0,6855.0,2011,0.4381311517320721
W06000008,,11209.0,4006.0,2460.0,2011,0.38045159294772657
W06000003,,17216.0,5382.0,4468.0,2011,0.4536040609137056
W06000004,,14756.0,4642.0,4061.0,2011,0.46662070550384926
W06000005,,18880.0,5663.0,5081.0,2011,0.47291511541325393
W06000002,,18334.0,6246.0,4671.0,2011,0.42786479802143446
W06000001,,10799.0,3318.0,2566.0,2011,0.43609789259007475
W06000024,,8488.0,2248.0,2123.0,2011,0.48570121253717685
W06000021,,13259.0,5161.0,2685.0,2011,0.3422125924037726
W06000012,,19609.0,4975.0,4989.0,2011,0.5007025291047772
W06000022,,19362.0,6062.0,4416.0,2011,0.42145447604504677
W06000009,,16428.0,4829.0,4559.0,2011,0.4856199403493822
W06000023,,18565.0,5760.0,4935.0,2011,0.46143057503506313
W06000016,,32988.0,9274.0,8841.0,2011,0.48804857852608335
W06000011,,36884.0,12178.0,7339.0,2011,0.37603115232873907
W06000020,,12980.0,3171.0,3388.0,2011,0.5165421558164355
W06000014,,20826.0,6660.0,4399.0,2011,0.3977755674111583
W06000006,,18813.0,5814.0,4958.0,2011,0.4602673598217601
E08000025,,135331.0,48442.0,31664.0,2011,0.3952762589568821
E07000234,,14469.0,5611.0,2956.0,2011,0.3450449398856076
E07000192,,12067.0,3051.0,3330.0,2011,0.5218617771509168
E08000026,,40056.0,12813.0,9758.0,2011,0.4323246643923619
E08000027,,40848.0,11978.0,10002.0,2011,0.4550500454959054
E07000193,,14030.0,4594.0,3401.0,2011,0.4253908692933083
E06000019,,25021.0,7912.0,6484.0,2011,0.450402889691581
E07000194,,13515.0,5037.0,2649.0,2011,0.3446526151444184
E07000235,,10265.0,3802.0,2279.0,2011,0.3747738858740339
E07000195,,16761.0,5635.0,4177.0,2011,0.42570322054626986
E07000218,,7378.0,2231.0,1877.0,2011,0.45691333982473226
E07000219,,16082.0,4360.0,4459.0,2011,0.5056128812790566
E07000236,,10468.0,2916.0,2963.0,2011,0.5039972784487158
E07000220,,13239.0,4429.0,2895.0,2011,0.3952758055707264
E08000028,,34106.0,8768.0,9766.0,2011,0.5269234919607209
E06000051,,46375.0,14547.0,11059.0,2011,0.43189096305553387
E08000029,,26537.0,9893.0,5561.0,2011,0.3598421120745438
E07000196,,15401.0,5211.0,2953.0,2011,0.3617099461048506
E07000197,,22076.0,7534.0,3912.0,2011,0.34177878734929235
E07000198,,12933.0,4140.0,3405.0,2011,0.45129224652087474
E06000021,,28425.0,7224.0,8995.0,2011,0.5545964609408718
E07000221,,14321.0,5251.0,3171.0,2011,0.37651389218712894
E07000199,,8017.0,2193.0,2193.0,2011,0.5
E06000020,,22321.0,5777.0,5511.0,2011,0.4882175761871013
E08000030,,30210.0,8738.0,8263.0,2011,0.48603023351567554
E07000222,,20504.0,8734.0,3745.0,2011,0.30010417501402353
E08000031,,30880.0,9001.0,8006.0,2011,0.47074733933086377
E07000237,,15458.0,5346.0,3292.0,2011,0.38110673767075715
E07000238,,14868.0,4862.0,3491.0,2011,0.41793367652340474
E07000239,,12172.0,3605.0,3566.0,2011,0.49728071398689166
E08000016,,29643.0,8059.0,7947.0,2011,0.496501312007997
E08000032,,63845.0,19118.0,16532.0,2011,0.4637307152875175
E08000033,,28315.0,9567.0,7152.0,2011,0.427776780907949
E07000163,,7752.0,3068.0,1713.0,2011,0.3582932440911943
E08000017,,37196.0,9575.0,10385.0,2011,0.5202905811623246
E06000011,,51003.0,16560.0,11048.0,2011,0.4001738626485077
E07000164,,15537.0,4735.0,2580.0,2011,0.35269993164730007
E07000165,,23615.0,7883.0,5063.0,2011,0.39108604974509503
E06000010,,30542.0,7620.0,8453.0,2011,0.5259130218378647
E08000034,,53938.0,17566.0,13213.0,2011,0.4292862016309822
E08000035,,102820.0,36933.0,23106.0,2011,0.3848498475990606
E06000012,,19073.0,4846.0,5427.0,2011,0.5282780103183101
E06000013,,20380.0,5924.0,5469.0,2011,0.480031598349864
E07000166,,11838.0,2074.0,1399.0,2011,0.40282176792398505
E08000018,,32565.0,9027.0,8991.0,2011,0.499000999000999
E07000167,,6146.0,2047.0,1377.0,2011,0.402161214953271
E07000168,,14113.0,4339.0,3689.0,2011,0.45951669157947184
E07000169,,11218.0,3447.0,2644.0,2011,0.4340830733869644
E08000019,,83208.0,31728.0,17111.0,2011,0.3503552488789697
E08000036,,41066.0,11141.0,10988.0,2011,0.4965429978760902
E06000014,,31354.0,11690.0,6257.0,2011,0.3486376553184376
"In order to protect against disclosure of personal information, records",,,,,2011,
have been swapped between different geographic areas. Some counts will,,,,,2011,
"be affected, particularly small counts at the lowest geographies",,,,,2011,
,,,,,2011,
E06000001,75.0,37757.0,5843.0,4381.0,2021,0.4285015649452269
E06000002,936.0,56436.0,8996.0,7579.0,2021,0.45725490196078433
E06000003,41.0,55620.0,8411.0,7428.0,2021,0.46896900056821766
E06000004,350.0,86446.0,16673.0,8860.0,2021,0.3470019190851055
E06000005,149.0,49296.0,8465.0,4894.0,2021,0.36634478628639866
E06000047,345.0,222216.0,37179.0,23113.0,2021,0.38335102501161017
E06000057,208.0,140766.0,24715.0,15429.0,2021,0.384341371064169
E08000021,2082.0,125078.0,30731.0,11694.0,2021,0.2756393635827932
E08000022,273.0,97267.0,21775.0,8832.0,2021,0.2885614401934198
E08000023,135.0,62509.0,10191.0,6809.0,2021,0.40052941176470586
E08000024,1245.0,117146.0,17727.0,12307.0,2021,0.409768928547646
E08000037,462.0,87516.0,16612.0,8792.0,2021,0.346087230357424
E06000006,82.0,58719.0,8771.0,5585.0,2021,0.3890359431596545
E06000007,366.0,103189.0,20850.0,8344.0,2021,0.28581215318216074
E06000008,238.0,63556.0,10408.0,7201.0,2021,0.4089386109375887
E06000009,159.0,59347.0,7498.0,8632.0,2021,0.5351518908865468
E06000049,521.0,192492.0,41211.0,15574.0,2021,0.27426256934049487
E06000050,475.0,169089.0,34739.0,14822.0,2021,0.29906579770383973
E07000026,30.0,44233.0,7013.0,4685.0,2021,0.4004958112497863
E07000027,178.0,31180.0,5714.0,3566.0,2021,0.38426724137931034
E07000028,125.0,52950.0,7893.0,5248.0,2021,0.39936077924054486
E07000029,88.0,30572.0,5180.0,2944.0,2021,0.362383062530773
E07000030,7.0,27333.0,3790.0,2362.0,2021,0.3839401820546164
E07000031,20.0,50141.0,9050.0,4558.0,2021,0.3349500293944738
E07000117,61.0,40029.0,5576.0,4772.0,2021,0.4611519134132199
E07000118,98.0,57236.0,11870.0,5298.0,2021,0.3085973904939422
E07000119,52.0,35715.0,7687.0,3422.0,2021,0.3080385273201908
E07000120,42.0,35627.0,4986.0,4414.0,2021,0.4695744680851064
E07000121,330.0,62387.0,12490.0,7516.0,2021,0.37568729381185645
E07000122,15.0,39615.0,5700.0,4133.0,2021,0.42031933285874096
E07000123,881.0,66640.0,12748.0,7165.0,2021,0.35981519610304824
E07000124,13.0,30388.0,6819.0,2519.0,2021,0.2697579781537803
E07000125,31.0,33122.0,6259.0,3507.0,2021,0.35910301044439896
E07000126,83.0,54711.0,10837.0,5029.0,2021,0.3169670994579604
E07000127,43.0,53554.0,9976.0,5224.0,2021,0.3436842105263158
E07000128,59.0,47833.0,8584.0,5088.0,2021,0.3721474546518432
E08000001,1397.0,125437.0,21198.0,12393.0,2021,0.3689381084218987
E08000002,453.0,88482.0,18355.0,8480.0,2021,0.3160052170672629
E08000003,10329.0,234282.0,55874.0,23595.0,2021,0.29690822836577785
E08000004,1720.0,98205.0,14981.0,10614.0,2021,0.4146903692127369
E08000005,1833.0,94458.0,15231.0,10293.0,2021,0.403267512929008
E08000006,2932.0,127612.0,26142.0,11882.0,2021,0.3124868504102672
E08000007,484.0,139808.0,34323.0,12149.0,2021,0.2614262351523498
E08000008,866.0,105657.0,15923.0,10885.0,2021,0.4060355117875261
E08000009,774.0,111557.0,32126.0,7792.0,2021,0.1952001603286738
E08000010,706.0,154611.0,25064.0,16475.0,2021,0.3966152290618455
E08000011,342.0,69501.0,10587.0,8358.0,2021,0.44117181314330955
E08000012,2545.0,205752.0,42403.0,21874.0,2021,0.3403083529100611
E08000013,164.0,82624.0,14074.0,9171.0,2021,0.39453645945364596
E08000014,271.0,124601.0,23148.0,13735.0,2021,0.37239378575495485
E08000015,279.0,139506.0,27893.0,15614.0,2021,0.3588847771622957
E06000010,882.0,117789.0,14559.0,13115.0,2021,0.4739105297391053
E06000011,141.0,156113.0,28216.0,14891.0,2021,0.3454427355185933
E06000012,240.0,68849.0,8488.0,7344.0,2021,0.46387064173825165
E06000013,152.0,76219.0,10320.0,7321.0,2021,0.41499914970806645
E06000014,260.0,96194.0,23460.0,8465.0,2021,0.26515270164447924
E07000163,14.0,27142.0,5437.0,2281.0,2021,0.29554288675822754
E07000164,27.0,43407.0,8116.0,3594.0,2021,0.30691716481639625
E07000165,124.0,79685.0,16579.0,6697.0,2021,0.28772125794810105
E07000166,16.0,24680.0,3352.0,2225.0,2021,0.39896001434462974
E07000167,25.0,25965.0,3968.0,2527.0,2021,0.3890685142417244
E07000168,124.0,46543.0,6291.0,5605.0,2021,0.47116677874915935
E07000169,30.0,46133.0,8422.0,3713.0,2021,0.3059744540585084
E08000016,163.0,111678.0,15596.0,11382.0,2021,0.4218993253762325
E08000017,488.0,137856.0,17657.0,14191.0,2021,0.44558528008038184
E08000018,331.0,117806.0,17916.0,12347.0,2021,0.4079899547301986
E08000019,2874.0,242006.0,56138.0,23308.0,2021,0.29338166805125493
E08000032,1465.0,221138.0,37857.0,23587.0,2021,0.383878002734197
E08000033,141.0,93385.0,18185.0,8829.0,2021,0.3268305323165766
E08000034,1059.0,190086.0,34888.0,17830.0,2021,0.3382146515421678
E08000035,3415.0,374059.0,85082.0,34685.0,2021,0.2896039810632311
E08000036,481.0,164641.0,24633.0,15736.0,2021,0.38980405756892667
E06000015,910.0,116200.0,21689.0,11706.0,2021,0.35053151669411586
E06000016,2417.0,154937.0,24075.0,15552.0,2021,0.39245968657733366
E06000017,26.0,18777.0,3567.0,1580.0,2021,0.30697493685642124
E06000018,3442.0,128877.0,24431.0,14291.0,2021,0.3690666804400599
E06000061,964.0,178852.0,26859.0,15814.0,2021,0.37058561619759567
E06000062,2554.0,216003.0,37902.0,18001.0,2021,0.32200418582187
E07000032,26.0,60162.0,10401.0,5428.0,2021,0.34291490302609134
E07000033,63.0,38100.0,5006.0,4384.0,2021,0.4668796592119276
E07000034,93.0,47527.0,7993.0,5678.0,2021,0.4153317240874845
E07000035,20.0,33238.0,6786.0,2650.0,2021,0.28083933870284017
E07000036,92.0,54970.0,9104.0,5028.0,2021,0.35578828191338807
E07000037,15.0,44615.0,8838.0,4454.0,2021,0.3350887752031297
E07000038,30.0,46560.0,8010.0,4638.0,2021,0.36669829222011385
E07000039,107.0,53903.0,10299.0,4686.0,2021,0.3127127127127127
E07000129,156.0,51454.0,9933.0,4449.0,2021,0.3093450146015853
E07000130,433.0,84793.0,17489.0,7448.0,2021,0.2986726550908289
E07000131,106.0,48778.0,10837.0,3501.0,2021,0.24417631468824103
E07000132,62.0,55887.0,10161.0,4821.0,2021,0.3217861433720465
E07000133,15.0,25458.0,4179.0,2370.0,2021,0.3618873110398534
E07000134,74.0,51957.0,8939.0,4407.0,2021,0.3302112992656976
E07000135,153.0,25994.0,5815.0,2440.0,2021,0.29557843731072075
E07000136,155.0,33632.0,3595.0,3401.0,2021,0.4861349342481418
E07000137,55.0,55582.0,6789.0,6606.0,2021,0.4931690929451288
E07000138,348.0,46709.0,7223.0,5324.0,2021,0.4243245397306129
E07000139,67.0,56898.0,9949.0,5560.0,2021,0.35850151524921015
E07000140,53.0,45243.0,4966.0,4130.0,2021,0.4540457343887423
E07000141,128.0,68196.0,11820.0,6338.0,2021,0.349047251899989
E07000142,63.0,42143.0,7455.0,4337.0,2021,0.36779172320217096
E07000170,253.0,58439.0,8133.0,6339.0,2021,0.4380182421227197
E07000171,115.0,54925.0,7969.0,5745.0,2021,0.4189149773953624
E07000172,277.0,51921.0,12756.0,3962.0,2021,0.23699007058260557
E07000173,224.0,56184.0,11695.0,5203.0,2021,0.3079062610959877
E07000174,173.0,51362.0,6575.0,5827.0,2021,0.4698435736171585
E07000175,94.0,57124.0,9033.0,5751.0,2021,0.38900162337662336
E07000176,138.0,56980.0,17011.0,3644.0,2021,0.17642217380779474
E06000019,105.0,88514.0,14130.0,8686.0,2021,0.3806977559607293
E06000020,333.0,85493.0,14029.0,8388.0,2021,0.3741803095864745
E06000021,743.0,112574.0,14099.0,13616.0,2021,0.4912863070539419
E06000051,176.0,152421.0,26820.0,15215.0,2021,0.3619602712025693
E07000192,25.0,48875.0,6720.0,4814.0,2021,0.4173747182243801
E07000193,127.0,59323.0,9178.0,4864.0,2021,0.3463894032189147
E07000194,32.0,50465.0,10501.0,3773.0,2021,0.2643267479333053
E07000195,186.0,56679.0,10116.0,5791.0,2021,0.3640535613252027
E07000196,42.0,50704.0,9821.0,4038.0,2021,0.2913630132044159
E07000197,153.0,65769.0,13874.0,5499.0,2021,0.28384865534506787
E07000198,11.0,45032.0,7590.0,4484.0,2021,0.3713765115123406
E07000199,40.0,38160.0,4969.0,3320.0,2021,0.4005308239835927
E07000218,20.0,31742.0,4812.0,2720.0,2021,0.36112586298459903
E07000219,261.0,63113.0,9987.0,6222.0,2021,0.3838608180640385
E07000220,273.0,58104.0,11801.0,4137.0,2021,0.25956832726816415
E07000221,63.0,66243.0,14214.0,4777.0,2021,0.25154020325417303
E07000222,174.0,72754.0,21878.0,4923.0,2021,0.18368717585164732
E07000234,62.0,47282.0,11774.0,3672.0,2021,0.23773145150848116
E07000235,47.0,35800.0,7719.0,3134.0,2021,0.2887680825578181
E07000236,46.0,42692.0,6675.0,3827.0,2021,0.3644067796610169
E07000237,258.0,51634.0,10282.0,5127.0,2021,0.332727626711662
E07000238,43.0,63662.0,11438.0,5450.0,2021,0.32271435338702037
E07000239,39.0,45791.0,7068.0,4927.0,2021,0.41075448103376405
E08000025,5946.0,442407.0,93313.0,45361.0,2021,0.32710529731600735
E08000026,3720.0,150135.0,28832.0,14380.0,2021,0.3327779320559104
E08000027,482.0,144644.0,24346.0,14042.0,2021,0.36579139314369075
E08000028,2016.0,141075.0,19325.0,14995.0,2021,0.4369172494172494
E08000029,252.0,97944.0,23824.0,7499.0,2021,0.23940874118060212
E08000030,1368.0,118537.0,17655.0,12279.0,2021,0.41020244537983563
E08000031,2870.0,111314.0,17785.0,12262.0,2021,0.4080939860884614
E06000031,1091.0,100962.0,15827.0,9135.0,2021,0.3659562535053281
E06000032,2530.0,98719.0,15546.0,10527.0,2021,0.4037510067886319
E06000033,632.0,83253.0,15911.0,8171.0,2021,0.3392990615397392
E06000034,5481.0,85949.0,12525.0,7212.0,2021,0.36540507675938594
E06000055,935.0,90868.0,18282.0,8127.0,2021,0.3077359990912189
E06000056,826.0,151078.0,29384.0,12377.0,2021,0.296377002466416
E07000008,477.0,70595.0,29960.0,4824.0,2021,0.13868445262189513
E07000009,132.0,44697.0,9650.0,4145.0,2021,0.30047118521203336
E07000010,105.0,47096.0,5247.0,4958.0,2021,0.48584027437530625
E07000011,274.0,91398.0,18415.0,7497.0,2021,0.2893254090768756
E07000012,363.0,82264.0,26001.0,5938.0,2021,0.18591690409843764
E07000066,1913.0,89017.0,15368.0,7924.0,2021,0.3402026446848703
E07000067,321.0,76293.0,12193.0,7292.0,2021,0.3742365922504491
E07000068,334.0,37898.0,8918.0,2537.0,2021,0.22147533828022697
E07000069,240.0,41007.0,5834.0,3805.0,2021,0.3947504927897085
E07000070,990.0,89866.0,20714.0,6874.0,2021,0.24916630419022764
E07000071,1346.0,92018.0,18908.0,9682.0,2021,0.33864987757957327
E07000072,394.0,65800.0,13158.0,4586.0,2021,0.25845356176735795
E07000073,764.0,45982.0,6891.0,4798.0,2021,0.4104713833518693
E07000074,32.0,31249.0,4978.0,2414.0,2021,0.32656926406926406
E07000075,96.0,40658.0,7360.0,3317.0,2021,0.3106677905778777
E07000076,102.0,58277.0,7454.0,7826.0,2021,0.51217277486911
E07000077,77.0,45751.0,9471.0,3477.0,2021,0.26853568118628357
E07000095,776.0,48301.0,7765.0,4034.0,2021,0.3418933807949826
E07000096,439.0,77201.0,16173.0,6181.0,2021,0.276505323432048
E07000098,872.0,52767.0,12247.0,4293.0,2021,0.25955259975816203
E07000099,354.0,67164.0,17136.0,4991.0,2021,0.22556153116102498
E07000102,237.0,46952.0,11671.0,3423.0,2021,0.22677885252418178
E07000103,599.0,52856.0,12277.0,4568.0,2021,0.2711783912140101
E07000143,64.0,65636.0,8546.0,7030.0,2021,0.45133538777606574
E07000144,156.0,62584.0,11298.0,6115.0,2021,0.35117440992362026
E07000145,79.0,41136.0,4911.0,5345.0,2021,0.5211583463338534
E07000146,177.0,69224.0,9524.0,7568.0,2021,0.4427802480692722
E07000147,22.0,41658.0,5305.0,4958.0,2021,0.48309461171197504
E07000148,563.0,65722.0,14690.0,6761.0,2021,0.31518344133140647
E07000149,212.0,67742.0,14379.0,6211.0,2021,0.30165128703254007
E07000200,54.0,42961.0,7361.0,3946.0,2021,0.34898735296718847
E07000202,410.0,67028.0,11333.0,7133.0,2021,0.38627748294162245
E07000203,55.0,50027.0,8951.0,4342.0,2021,0.32663808019258256
E07000240,406.0,72877.0,22216.0,4420.0,2021,0.16594083195675027
E07000241,1633.0,58155.0,12154.0,4984.0,2021,0.2908157311238184
E07000242,240.0,76520.0,17040.0,5869.0,2021,0.2561875245536689
E07000243,776.0,45462.0,8728.0,4603.0,2021,0.34528542494936615
E07000244,140.0,106375.0,16909.0,11323.0,2021,0.4010697081326155
E07000245,198.0,89620.0,14748.0,9253.0,2021,0.38552560309987083
E09000001,21.0,5341.0,2349.0,154.0,2021,0.06152616859768278
E09000002,9434.0,94590.0,15185.0,10935.0,2021,0.4186447166921899
E09000003,3846.0,186174.0,50532.0,14342.0,2021,0.22107469864660728
E09000004,8831.0,117971.0,23411.0,10333.0,2021,0.30621740161213845
E09000005,2559.0,160996.0,31401.0,13900.0,2021,0.3068364936756363
E09000006,3515.0,162118.0,43321.0,11210.0,2021,0.20557114301956686
E09000007,1063.0,102515.0,35270.0,6278.0,2021,0.15110233946279003
E09000008,6185.0,189406.0,43347.0,18250.0,2021,0.2962806630193029
E09000009,1603.0,175026.0,39697.0,12910.0,2021,0.24540460395004468
E09000010,3861.0,143863.0,29474.0,13988.0,2021,0.3218443697943031
E09000011,14357.0,142935.0,35908.0,13290.0,2021,0.2701329322330176
E09000012,5239.0,134313.0,40041.0,9742.0,2021,0.19568929152521944
E09000013,934.0,98094.0,29280.0,6802.0,2021,0.18851504905493044
E09000014,2380.0,134379.0,33738.0,10419.0,2021,0.23595352945172907
E09000015,1199.0,125046.0,31410.0,8623.0,2021,0.21539729722978543
E09000016,4137.0,124782.0,24337.0,10289.0,2021,0.2971466528042511
E09000017,1514.0,142806.0,30087.0,12044.0,2021,0.2858702618024732
E09000018,1205.0,138805.0,27754.0,11344.0,2021,0.2901427182976111
E09000019,1477.0,114963.0,39310.0,6755.0,2021,0.1466406165201346
E09000020,559.0,69442.0,19185.0,5065.0,2021,0.2088659793814433
E09000021,457.0,84150.0,23937.0,5949.0,2021,0.19905641437462357
E09000022,5139.0,182824.0,55140.0,13130.0,2021,0.19232459352570674
E09000023,9278.0,155707.0,41888.0,13363.0,2021,0.2418598758393513
E09000024,1338.0,112067.0,29416.0,8623.0,2021,0.2266883987486527
E09000025,5813.0,163453.0,32706.0,14191.0,2021,0.30259931338891616
E09000026,2321.0,141628.0,34455.0,9842.0,2021,0.22218208908052464
E09000027,368.0,97564.0,30420.0,5467.0,2021,0.15233928720706663
E09000028,11173.0,166935.0,51142.0,12812.0,2021,0.20033148825718486
E09000029,1144.0,104230.0,25045.0,9022.0,2021,0.26483106818915664
E09000030,1459.0,155390.0,49021.0,9276.0,2021,0.15911624954971954
E09000031,2021.0,140370.0,32180.0,10474.0,2021,0.24555727481596099
E09000032,1594.0,190437.0,61868.0,11073.0,2021,0.15180762534102904
E09000033,1121.0,101738.0,31135.0,6186.0,2021,0.16575118565954824
E06000035,3993.0,132608.0,21930.0,12829.0,2021,0.3690842659455105
E06000036,267.0,66394.0,13743.0,5981.0,2021,0.30323463800446154
E06000037,153.0,82308.0,18329.0,7031.0,2021,0.2772476340694006
E06000038,954.0,88861.0,22756.0,8077.0,2021,0.26195958875231085
E06000039,736.0,73697.0,13888.0,6884.0,2021,0.33140766416329676
E06000040,268.0,76302.0,18680.0,5429.0,2021,0.22518561533037454
E06000041,497.0,89466.0,25527.0,5939.0,2021,0.18874340558062672
E06000042,3216.0,143377.0,30541.0,11020.0,2021,0.2651524265537403
E06000043,828.0,139293.0,36478.0,12075.0,2021,0.24869729985788724
E06000044,1345.0,97791.0,18083.0,10678.0,2021,0.3712666458050833
E06000045,1150.0,118219.0,23400.0,12651.0,2021,0.3509195306648914
E06000046,109.0,57915.0,8979.0,7594.0,2021,0.4582151692511917
E06000060,1160.0,273229.0,61463.0,21487.0,2021,0.2590355635925256
E07000061,181.0,43825.0,7780.0,6068.0,2021,0.4381860196418255
E07000062,122.0,40904.0,6753.0,5534.0,2021,0.4503947261333116
E07000063,101.0,44502.0,8785.0,4522.0,2021,0.3398211467648606
E07000064,89.0,37941.0,6482.0,4323.0,2021,0.4000925497454882
E07000065,111.0,74537.0,13624.0,7230.0,2021,0.3466960774911288
E07000084,484.0,96972.0,21124.0,8282.0,2021,0.28164320206760524
E07000085,87.0,61727.0,13136.0,5779.0,2021,0.3055247158339942
E07000086,227.0,69510.0,14903.0,6185.0,2021,0.29329476479514416
E07000087,96.0,55635.0,11633.0,4593.0,2021,0.2830642179218538
E07000088,83.0,38490.0,5275.0,4610.0,2021,0.4663631765300961
E07000089,91.0,50439.0,11747.0,3698.0,2021,0.23943023632243443
E07000090,99.0,56364.0,9197.0,6126.0,2021,0.39979116361025907
E07000091,93.0,78701.0,13956.0,8252.0,2021,0.3715778097982709
E07000092,222.0,53005.0,9262.0,5978.0,2021,0.392257217847769
E07000093,222.0,65866.0,13522.0,5276.0,2021,0.2806681561868284
E07000094,114.0,60575.0,16315.0,4370.0,2021,0.21126420111191685
E07000105,768.0,63615.0,11751.0,5813.0,2021,0.33096105670690046
E07000106,575.0,66162.0,14588.0,6524.0,2021,0.3090185676392573
E07000107,3610.0,58827.0,12105.0,4860.0,2021,0.2864721485411141
E07000108,130.0,50939.0,7801.0,6304.0,2021,0.4469337114498405
E07000109,1873.0,49766.0,7846.0,4638.0,2021,0.37151553989106056
E07000110,756.0,86402.0,15817.0,7121.0,2021,0.3104455488708693
E07000111,364.0,56400.0,12365.0,4081.0,2021,0.24814544570108232
E07000112,85.0,47824.0,7611.0,5681.0,2021,0.4273999398134216
E07000113,830.0,69196.0,10282.0,6482.0,2021,0.38666189453591027
E07000114,262.0,59198.0,9550.0,7764.0,2021,0.44842324130761235
E07000115,242.0,64425.0,13061.0,5106.0,2021,0.28105906313645623
E07000116,202.0,55900.0,13093.0,4437.0,2021,0.2531089560752995
E07000177,271.0,84970.0,16521.0,6661.0,2021,0.2873350012941075
E07000178,742.0,73335.0,26871.0,5986.0,2021,0.18218340079739478
E07000179,176.0,76468.0,18787.0,5569.0,2021,0.22865002463458697
E07000180,230.0,70869.0,19019.0,5181.0,2021,0.21409090909090908
E07000181,92.0,58929.0,12008.0,5105.0,2021,0.29831122538421084
E07000207,249.0,66986.0,17652.0,4495.0,2021,0.20296202645956563
E07000208,179.0,39910.0,10665.0,3304.0,2021,0.23652373111890615
E07000209,433.0,69770.0,18411.0,5464.0,2021,0.2288586387434555
E07000210,101.0,42339.0,10141.0,3428.0,2021,0.25263468199572553
E07000211,660.0,75126.0,18482.0,6727.0,2021,0.2668491411797374
E07000212,236.0,42462.0,9235.0,3718.0,2021,0.2870377518721532
E07000213,350.0,51542.0,10061.0,4418.0,2021,0.30513156985979695
E07000214,197.0,45363.0,10392.0,3745.0,2021,0.264907689042937
E07000215,196.0,42572.0,9169.0,3566.0,2021,0.2800157047506871
E07000216,111.0,60730.0,15528.0,4736.0,2021,0.23371496249506515
E07000217,280.0,52744.0,13425.0,4299.0,2021,0.242552471225457
E07000223,62.0,29827.0,5343.0,3114.0,2021,0.3682156793189074
E07000224,91.0,73195.0,10531.0,8596.0,2021,0.449417054425681
E07000225,117.0,56365.0,11243.0,5243.0,2021,0.31802741720247485
E07000226,372.0,58914.0,8797.0,6828.0,2021,0.436992
E07000227,183.0,72167.0,15241.0,6338.0,2021,0.2937114787524909
E07000228,187.0,76573.0,17537.0,6924.0,2021,0.28306283471648747
E07000229,158.0,53553.0,10710.0,6161.0,2021,0.365182858158971
E06000022,219.0,89814.0,22045.0,7633.0,2021,0.257193880989285
E06000023,1431.0,238508.0,64926.0,19568.0,2021,0.2315904087864227
E06000024,194.0,102702.0,20359.0,10139.0,2021,0.33244802937897566
E06000025,841.0,147613.0,31299.0,12404.0,2021,0.2838249090451456
E06000026,462.0,121020.0,20136.0,13826.0,2021,0.4071020552382074
E06000027,77.0,58934.0,8242.0,8349.0,2021,0.503224639864987
E06000030,816.0,117866.0,21221.0,10317.0,2021,0.3271291775001585
E06000052,223.0,254237.0,39177.0,28357.0,2021,0.41989220244617526
E06000053,0.0,1103.0,133.0,150.0,2021,0.5300353356890459
E06000054,448.0,252337.0,46908.0,22686.0,2021,0.32597637727390294
E06000058,845.0,186028.0,36386.0,19901.0,2021,0.3535629896779008
E06000059,156.0,167785.0,29063.0,17213.0,2021,0.37196386896015216
E07000040,73.0,66729.0,11686.0,7043.0,2021,0.3760478402477441
E07000041,268.0,59704.0,14751.0,5804.0,2021,0.28236438822670884
E07000042,35.0,40295.0,6482.0,3908.0,2021,0.37613089509143405
E07000043,71.0,45160.0,6895.0,4876.0,2021,0.414238382465381
E07000044,35.0,40581.0,8290.0,3275.0,2021,0.2831820146995244
E07000045,48.0,62139.0,11560.0,6678.0,2021,0.3661585700186424
E07000046,14.0,30045.0,3798.0,3723.0,2021,0.49501396090945354
E07000047,16.0,25384.0,4444.0,2456.0,2021,0.35594202898550725
E07000078,172.0,59163.0,14593.0,4702.0,2021,0.24369007514900234
E07000079,66.0,44078.0,8374.0,3583.0,2021,0.2996571046249059
E07000080,25.0,39996.0,6220.0,4350.0,2021,0.41154210028382215
E07000081,516.0,65623.0,10844.0,7579.0,2021,0.41138793898930687
E07000082,85.0,59924.0,12578.0,5187.0,2021,0.29197860962566846
E07000083,92.0,46517.0,9514.0,3883.0,2021,0.28984100918115996
E07000187,59.0,55676.0,9579.0,5518.0,2021,0.3655030800821355
E07000188,65.0,59147.0,8209.0,6304.0,2021,0.4343691862468132
E07000189,136.0,80935.0,12596.0,8471.0,2021,0.4020980680685432
E07000246,202.0,73294.0,13382.0,9051.0,2021,0.4034681050238488
W06000001,10.0,29205.0,4717.0,3639.0,2021,0.43549545236955484
W06000002,174.0,51814.0,9053.0,6655.0,2021,0.42366946778711484
W06000003,55.0,48726.0,8308.0,6327.0,2021,0.43231978134608817
W06000004,69.0,40842.0,7007.0,5307.0,2021,0.4309728764008446
W06000005,54.0,73817.0,12180.0,7337.0,2021,0.37592867756315007
W06000006,110.0,61808.0,9724.0,7043.0,2021,0.42005129122681456
W06000008,96.0,30111.0,5362.0,3142.0,2021,0.3694731890874882
W06000009,52.0,52772.0,7600.0,6847.0,2021,0.47393922613691425
W06000010,118.0,81951.0,13868.0,10085.0,2021,0.42103285600968565
W06000011,540.0,100613.0,20073.0,10955.0,2021,0.3530681964677066
W06000012,78.0,59184.0,9256.0,7268.0,2021,0.43984507383200194
W06000013,86.0,63985.0,11567.0,7322.0,2021,0.3876330139234475
W06000014,61.0,59914.0,13207.0,6191.0,2021,0.3191566140839262
W06000015,1366.0,160442.0,43192.0,14315.0,2021,0.24892621767784792
W06000016,402.0,103390.0,16859.0,12900.0,2021,0.43348230787324843
W06000018,22.0,77441.0,11986.0,8647.0,2021,0.41908593030582075
W06000019,10.0,28800.0,3482.0,4324.0,2021,0.5539328721496285
W06000020,37.0,40656.0,6131.0,4688.0,2021,0.43331176633699975
W06000021,22.0,42829.0,9314.0,3538.0,2021,0.27528789293495176
W06000022,487.0,72786.0,13768.0,6761.0,2021,0.32933898387646743
W06000023,29.0,61730.0,9057.0,6550.0,2021,0.4196834753636189
W06000024,15.0,25630.0,3750.0,3182.0,2021,0.45903058280438547
