geo_code,nigeria_born,total_occ,prof_occ,caring_occ,year,area_name,bw_index
E06000001,75.0,37757.0,5843.0,4381.0,2021,Hartlepool,0.428501564945185
E06000002,936.0,56436.0,8996.0,7579.0,2021,Middlesbrough,0.4572549019607567
E06000003,41.0,55620.0,8411.0,7428.0,2021,Redcar and Cleveland,0.4689690005681881
E06000004,350.0,86446.0,16673.0,8860.0,2021,Stockton-on-Tees,0.347001919085092
E06000005,149.0,49296.0,8465.0,4894.0,2021,Darlington,0.3663447862863712
E06000047,345.0,222216.0,37179.0,23113.0,2021,County Durham,0.3833510250116038
E06000057,208.0,140766.0,24715.0,15429.0,2021,Northumberland,0.3843413710641594
E08000021,2082.0,125078.0,30731.0,11694.0,2021,Newcastle upon Tyne,0.2756393635827867
E08000022,273.0,97267.0,21775.0,8832.0,2021,North Tyneside,0.2885614401934104
E08000023,135.0,62509.0,10191.0,6809.0,2021,South Tyneside,0.4005294117646823
E08000024,1245.0,117146.0,17727.0,12307.0,2021,Sunderland,0.4097689285476323
E08000037,462.0,87516.0,16612.0,8792.0,2021,Gateshead,0.3460872303574104
E06000006,82.0,58719.0,8771.0,5585.0,2021,Halton,0.3890359431596273
E06000007,366.0,103189.0,20850.0,8344.0,2021,Warrington,0.2858121531821509
E06000008,238.0,63556.0,10408.0,7201.0,2021,Blackburn with Darwen,0.4089386109375655
E06000009,159.0,59347.0,7498.0,8632.0,2021,Blackpool,0.5351518908865136
E06000049,521.0,192492.0,41211.0,15574.0,2021,Cheshire East,0.27426256934049
E06000050,475.0,169089.0,34739.0,14822.0,2021,Cheshire West and Chester,0.2990657977038337
E07000026,30.0,44233.0,7013.0,4685.0,2021,Allerdale,0.400495811249752
E07000027,178.0,31180.0,5714.0,3566.0,2021,Barrow-in-Furness,0.3842672413792689
E07000028,125.0,52950.0,7893.0,5248.0,2021,Carlisle,0.3993607792405144
E07000029,88.0,30572.0,5180.0,2944.0,2021,Copeland,0.3623830625307284
E07000030,7.0,27333.0,3790.0,2362.0,2021,Eden,0.3839401820545539
E07000031,20.0,50141.0,9050.0,4558.0,2021,South Lakeland,0.3349500293944492
E07000117,61.0,40029.0,5576.0,4772.0,2021,Burnley,0.4611519134131753
E07000118,98.0,57236.0,11870.0,5298.0,2021,Chorley,0.3085973904939242
E07000119,52.0,35715.0,7687.0,3422.0,2021,Fylde,0.308038527320163
E07000120,42.0,35627.0,4986.0,4414.0,2021,Hyndburn,0.4695744680850564
E07000121,330.0,62387.0,12490.0,7516.0,2021,Lancaster,0.3756872938118376
E07000122,15.0,39615.0,5700.0,4133.0,2021,Pendle,0.4203193328586982
E07000123,881.0,66640.0,12748.0,7165.0,2021,Preston,0.3598151961030302
E07000124,13.0,30388.0,6819.0,2519.0,2021,Ribble Valley,0.2697579781537513
E07000125,31.0,33122.0,6259.0,3507.0,2021,Rossendale,0.3591030104443621
E07000126,83.0,54711.0,10837.0,5029.0,2021,South Ribble,0.3169670994579404
E07000127,43.0,53554.0,9976.0,5224.0,2021,West Lancashire,0.3436842105262931
E07000128,59.0,47833.0,8584.0,5088.0,2021,Wyre,0.372147454651816
E08000001,1397.0,125437.0,21198.0,12393.0,2021,Bolton,0.3689381084218878
E08000002,453.0,88482.0,18355.0,8480.0,2021,Bury,0.3160052170672511
E08000003,10329.0,234282.0,55874.0,23595.0,2021,Manchester,0.2969082283657741
E08000004,1720.0,98205.0,14981.0,10614.0,2021,Oldham,0.4146903692127207
E08000005,1833.0,94458.0,15231.0,10293.0,2021,Rochdale,0.4032675129289922
E08000006,2932.0,127612.0,26142.0,11882.0,2021,Salford,0.312486850410259
E08000007,484.0,139808.0,34323.0,12149.0,2021,Stockport,0.2614262351523442
E08000008,866.0,105657.0,15923.0,10885.0,2021,Tameside,0.4060355117875109
E08000009,774.0,111557.0,32126.0,7792.0,2021,Trafford,0.1952001603286689
E08000010,706.0,154611.0,25064.0,16475.0,2021,Wigan,0.396615229061836
E08000011,342.0,69501.0,10587.0,8358.0,2021,Knowsley,0.4411718131432863
E08000012,2545.0,205752.0,42403.0,21874.0,2021,Liverpool,0.3403083529100558
E08000013,164.0,82624.0,14074.0,9171.0,2021,St. Helens,0.394536459453629
E08000014,271.0,124601.0,23148.0,13735.0,2021,Sefton,0.3723937857549448
E08000015,279.0,139506.0,27893.0,15614.0,2021,Wirral,0.3588847771622875
E06000010,882.0,117789.0,14559.0,13115.0,2021,"Kingston upon Hull, City of",0.4739105297390881
E06000011,141.0,156113.0,28216.0,14891.0,2021,East Riding of Yorkshire,0.3454427355185853
E06000012,240.0,68849.0,8488.0,7344.0,2021,North East Lincolnshire,0.4638706417382223
E06000013,152.0,76219.0,10320.0,7321.0,2021,North Lincolnshire,0.4149991497080429
E06000014,260.0,96194.0,23460.0,8465.0,2021,York,0.2651527016444709
E07000163,14.0,27142.0,5437.0,2281.0,2021,Craven,0.2955428867581892
E07000164,27.0,43407.0,8116.0,3594.0,2021,Hambleton,0.30691716481637
E07000165,124.0,79685.0,16579.0,6697.0,2021,Harrogate,0.2877212579480886
E07000166,16.0,24680.0,3352.0,2225.0,2021,Richmondshire,0.3989600143445581
E07000167,25.0,25965.0,3968.0,2527.0,2021,Ryedale,0.3890685142416645
E07000168,124.0,46543.0,6291.0,5605.0,2021,Scarborough,0.4711667787491198
E07000169,30.0,46133.0,8422.0,3713.0,2021,Selby,0.3059744540584832
E08000016,163.0,111678.0,15596.0,11382.0,2021,Barnsley,0.4218993253762168
E08000017,488.0,137856.0,17657.0,14191.0,2021,Doncaster,0.4455852800803678
E08000018,331.0,117806.0,17916.0,12347.0,2021,Rotherham,0.4079899547301851
E08000019,2874.0,242006.0,56138.0,23308.0,2021,Sheffield,0.2933816680512512
E08000032,1465.0,221138.0,37857.0,23587.0,2021,Bradford,0.3838780027341907
E08000033,141.0,93385.0,18185.0,8829.0,2021,Calderdale,0.3268305323165645
E08000034,1059.0,190086.0,34888.0,17830.0,2021,Kirklees,0.3382146515421613
E08000035,3415.0,374059.0,85082.0,34685.0,2021,Leeds,0.2896039810632286
E08000036,481.0,164641.0,24633.0,15736.0,2021,Wakefield,0.389804057568917
E06000015,910.0,116200.0,21689.0,11706.0,2021,Derby,0.3505315166941054
E06000016,2417.0,154937.0,24075.0,15552.0,2021,Leicester,0.3924596865773238
E06000017,26.0,18777.0,3567.0,1580.0,2021,Rutland,0.3069749368563615
E06000018,3442.0,128877.0,24431.0,14291.0,2021,Nottingham,0.3690666804400504
E06000061,964.0,178852.0,26859.0,15814.0,2021,North Northamptonshire,0.370585616197587
E06000062,2554.0,216003.0,37902.0,18001.0,2021,West Northamptonshire,0.3220041858218643
E07000032,26.0,60162.0,10401.0,5428.0,2021,Amber Valley,0.3429149030260697
E07000033,63.0,38100.0,5006.0,4384.0,2021,Bolsover,0.4668796592118778
E07000034,93.0,47527.0,7993.0,5678.0,2021,Chesterfield,0.415331724087454
E07000035,20.0,33238.0,6786.0,2650.0,2021,Derbyshire Dales,0.2808393387028104
E07000036,92.0,54970.0,9104.0,5028.0,2021,Erewash,0.3557882819133628
E07000037,15.0,44615.0,8838.0,4454.0,2021,High Peak,0.3350887752031045
E07000038,30.0,46560.0,8010.0,4638.0,2021,North East Derbyshire,0.3666982922200848
E07000039,107.0,53903.0,10299.0,4686.0,2021,South Derbyshire,0.3127127127126918
E07000129,156.0,51454.0,9933.0,4449.0,2021,Blaby,0.3093450146015638
E07000130,433.0,84793.0,17489.0,7448.0,2021,Charnwood,0.2986726550908169
E07000131,106.0,48778.0,10837.0,3501.0,2021,Harborough,0.244176314688224
E07000132,62.0,55887.0,10161.0,4821.0,2021,Hinckley and Bosworth,0.321786143372025
E07000133,15.0,25458.0,4179.0,2370.0,2021,Melton,0.3618873110397981
E07000134,74.0,51957.0,8939.0,4407.0,2021,North West Leicestershire,0.3302112992656728
E07000135,153.0,25994.0,5815.0,2440.0,2021,Oadby and Wigston,0.2955784373106849
E07000136,155.0,33632.0,3595.0,3401.0,2021,Boston,0.4861349342480723
E07000137,55.0,55582.0,6789.0,6606.0,2021,East Lindsey,0.4931690929450919
E07000138,348.0,46709.0,7223.0,5324.0,2021,Lincoln,0.424324539730579
E07000139,67.0,56898.0,9949.0,5560.0,2021,North Kesteven,0.358501515249187
E07000140,53.0,45243.0,4966.0,4130.0,2021,South Holland,0.4540457343886924
E07000141,128.0,68196.0,11820.0,6338.0,2021,South Kesteven,0.3490472518999697
E07000142,63.0,42143.0,7455.0,4337.0,2021,West Lindsey,0.3677917232021397
E07000170,253.0,58439.0,8133.0,6339.0,2021,Ashfield,0.4380182421226894
E07000171,115.0,54925.0,7969.0,5745.0,2021,Bassetlaw,0.4189149773953318
E07000172,277.0,51921.0,12756.0,3962.0,2021,Broxtowe,0.2369900705825914
E07000173,224.0,56184.0,11695.0,5203.0,2021,Gedling,0.3079062610959694
E07000174,173.0,51362.0,6575.0,5827.0,2021,Mansfield,0.4698435736171206
E07000175,94.0,57124.0,9033.0,5751.0,2021,Newark and Sherwood,0.389001623376597
E07000176,138.0,56980.0,17011.0,3644.0,2021,Rushcliffe,0.1764221738077862
E06000019,105.0,88514.0,14130.0,8686.0,2021,"Herefordshire, County of",0.3806977559607126
E06000020,333.0,85493.0,14029.0,8388.0,2021,Telford and Wrekin,0.3741803095864578
E06000021,743.0,112574.0,14099.0,13616.0,2021,Stoke-on-Trent,0.4912863070539242
E06000051,176.0,152421.0,26820.0,15215.0,2021,Shropshire,0.3619602712025607
E07000192,25.0,48875.0,6720.0,4814.0,2021,Cannock Chase,0.4173747182243439
E07000193,127.0,59323.0,9178.0,4864.0,2021,East Staffordshire,0.34638940321889
E07000194,32.0,50465.0,10501.0,3773.0,2021,Lichfield,0.2643267479332868
E07000195,186.0,56679.0,10116.0,5791.0,2021,Newcastle-under-Lyme,0.3640535613251798
E07000196,42.0,50704.0,9821.0,4038.0,2021,South Staffordshire,0.2913630132043949
E07000197,153.0,65769.0,13874.0,5499.0,2021,Stafford,0.2838486553450532
E07000198,11.0,45032.0,7590.0,4484.0,2021,Staffordshire Moorlands,0.3713765115123097
E07000199,40.0,38160.0,4969.0,3320.0,2021,Tamworth,0.4005308239835444
E07000218,20.0,31742.0,4812.0,2720.0,2021,North Warwickshire,0.361125862984551
E07000219,261.0,63113.0,9987.0,6222.0,2021,Nuneaton and Bedworth,0.3838608180640148
E07000220,273.0,58104.0,11801.0,4137.0,2021,Rugby,0.2595683272681478
E07000221,63.0,66243.0,14214.0,4777.0,2021,Stratford-on-Avon,0.2515402032541597
E07000222,174.0,72754.0,21878.0,4923.0,2021,Warwick,0.1836871758516404
E07000234,62.0,47282.0,11774.0,3672.0,2021,Bromsgrove,0.2377314515084657
E07000235,47.0,35800.0,7719.0,3134.0,2021,Malvern Hills,0.2887680825577915
E07000236,46.0,42692.0,6675.0,3827.0,2021,Redditch,0.3644067796609822
E07000237,258.0,51634.0,10282.0,5127.0,2021,Worcester,0.3327276267116404
E07000238,43.0,63662.0,11438.0,5450.0,2021,Wychavon,0.3227143533870013
E07000239,39.0,45791.0,7068.0,4927.0,2021,Wyre Forest,0.4107544810337298
E08000025,5946.0,442407.0,93313.0,45361.0,2021,Birmingham,0.327105297316005
E08000026,3720.0,150135.0,28832.0,14380.0,2021,Coventry,0.3327779320559027
E08000027,482.0,144644.0,24346.0,14042.0,2021,Dudley,0.3657913931436812
E08000028,2016.0,141075.0,19325.0,14995.0,2021,Sandwell,0.4369172494172367
E08000029,252.0,97944.0,23824.0,7499.0,2021,Solihull,0.2394087411805944
E08000030,1368.0,118537.0,17655.0,12279.0,2021,Walsall,0.4102024453798219
E08000031,2870.0,111314.0,17785.0,12262.0,2021,Wolverhampton,0.4080939860884478
E06000031,1091.0,100962.0,15827.0,9135.0,2021,Peterborough,0.3659562535053134
E06000032,2530.0,98719.0,15546.0,10527.0,2021,Luton,0.4037510067886164
E06000033,632.0,83253.0,15911.0,8171.0,2021,Southend-on-Sea,0.3392990615397251
E06000034,5481.0,85949.0,12525.0,7212.0,2021,Thurrock,0.3654050767593674
E06000055,935.0,90868.0,18282.0,8127.0,2021,Bedford,0.3077359990912072
E06000056,826.0,151078.0,29384.0,12377.0,2021,Central Bedfordshire,0.2963770024664089
E07000008,477.0,70595.0,29960.0,4824.0,2021,Cambridge,0.1386844526218911
E07000009,132.0,44697.0,9650.0,4145.0,2021,East Cambridgeshire,0.3004711852120115
E07000010,105.0,47096.0,5247.0,4958.0,2021,Fenland,0.4858402743752586
E07000011,274.0,91398.0,18415.0,7497.0,2021,Huntingdonshire,0.2893254090768644
E07000012,363.0,82264.0,26001.0,5938.0,2021,South Cambridgeshire,0.1859169040984318
E07000066,1913.0,89017.0,15368.0,7924.0,2021,Basildon,0.3402026446848557
E07000067,321.0,76293.0,12193.0,7292.0,2021,Braintree,0.3742365922504298
E07000068,334.0,37898.0,8918.0,2537.0,2021,Brentwood,0.2214753382802076
E07000069,240.0,41007.0,5834.0,3805.0,2021,Castle Point,0.3947504927896675
E07000070,990.0,89866.0,20714.0,6874.0,2021,Chelmsford,0.2491663041902186
E07000071,1346.0,92018.0,18908.0,9682.0,2021,Colchester,0.3386498775795614
E07000072,394.0,65800.0,13158.0,4586.0,2021,Epping Forest,0.2584535617673434
E07000073,764.0,45982.0,6891.0,4798.0,2021,Harlow,0.4104713833518341
E07000074,32.0,31249.0,4978.0,2414.0,2021,Maldon,0.3265692640692199
E07000075,96.0,40658.0,7360.0,3317.0,2021,Rochford,0.3106677905778485
E07000076,102.0,58277.0,7454.0,7826.0,2021,Tendring,0.5121727748690764
E07000077,77.0,45751.0,9471.0,3477.0,2021,Uttlesford,0.2685356811862628
E07000095,776.0,48301.0,7765.0,4034.0,2021,Broxbourne,0.3418933807949536
E07000096,439.0,77201.0,16173.0,6181.0,2021,Dacorum,0.2765053234320356
E07000098,872.0,52767.0,12247.0,4293.0,2021,Hertsmere,0.2595525997581463
E07000099,354.0,67164.0,17136.0,4991.0,2021,North Hertfordshire,0.2255615311610148
E07000102,237.0,46952.0,11671.0,3423.0,2021,Three Rivers,0.2267788525241667
E07000103,599.0,52856.0,12277.0,4568.0,2021,Watford,0.271178391213994
E07000143,64.0,65636.0,8546.0,7030.0,2021,Breckland,0.4513353877760367
E07000144,156.0,62584.0,11298.0,6115.0,2021,Broadland,0.3511744099236001
E07000145,79.0,41136.0,4911.0,5345.0,2021,Great Yarmouth,0.5211583463338025
E07000146,177.0,69224.0,9524.0,7568.0,2021,King's Lynn and West Norfolk,0.4427802480692462
E07000147,22.0,41658.0,5305.0,4958.0,2021,North Norfolk,0.4830946117119279
E07000148,563.0,65722.0,14690.0,6761.0,2021,Norwich,0.3151834413313917
E07000149,212.0,67742.0,14379.0,6211.0,2021,South Norfolk,0.3016512870325254
E07000200,54.0,42961.0,7361.0,3946.0,2021,Babergh,0.3489873529671576
E07000202,410.0,67028.0,11333.0,7133.0,2021,Ipswich,0.3862774829416015
E07000203,55.0,50027.0,8951.0,4342.0,2021,Mid Suffolk,0.3266380801925579
E07000240,406.0,72877.0,22216.0,4420.0,2021,St Albans,0.165940831956744
E07000241,1633.0,58155.0,12154.0,4984.0,2021,Welwyn Hatfield,0.2908157311238014
E07000242,240.0,76520.0,17040.0,5869.0,2021,East Hertfordshire,0.2561875245536577
E07000243,776.0,45462.0,8728.0,4603.0,2021,Stevenage,0.3452854249493402
E07000244,140.0,106375.0,16909.0,11323.0,2021,East Suffolk,0.4010697081326012
E07000245,198.0,89620.0,14748.0,9253.0,2021,West Suffolk,0.3855256030998548
E09000001,21.0,5341.0,2349.0,154.0,2021,City of London,0.0615261685976582
E09000002,9434.0,94590.0,15185.0,10935.0,2021,Barking and Dagenham,0.4186447166921738
E09000003,3846.0,186174.0,50532.0,14342.0,2021,Barnet,0.2210746986466038
E09000004,8831.0,117971.0,23411.0,10333.0,2021,Bexley,0.3062174016121294
E09000005,2559.0,160996.0,31401.0,13900.0,2021,Brent,0.3068364936756295
E09000006,3515.0,162118.0,43321.0,11210.0,2021,Bromley,0.205571143019563
E09000007,1063.0,102515.0,35270.0,6278.0,2021,Camden,0.1511023394627864
E09000008,6185.0,189406.0,43347.0,18250.0,2021,Croydon,0.2962806630192981
E09000009,1603.0,175026.0,39697.0,12910.0,2021,Ealing,0.24540460395004
E09000010,3861.0,143863.0,29474.0,13988.0,2021,Enfield,0.3218443697942957
E09000011,14357.0,142935.0,35908.0,13290.0,2021,Greenwich,0.2701329322330121
E09000012,5239.0,134313.0,40041.0,9742.0,2021,Hackney,0.1956892915252155
E09000013,934.0,98094.0,29280.0,6802.0,2021,Hammersmith and Fulham,0.1885150490549252
E09000014,2380.0,134379.0,33738.0,10419.0,2021,Haringey,0.2359535294517237
E09000015,1199.0,125046.0,31410.0,8623.0,2021,Harrow,0.21539729722978
E09000016,4137.0,124782.0,24337.0,10289.0,2021,Havering,0.2971466528042426
E09000017,1514.0,142806.0,30087.0,12044.0,2021,Hillingdon,0.2858702618024665
E09000018,1205.0,138805.0,27754.0,11344.0,2021,Hounslow,0.2901427182976037
E09000019,1477.0,114963.0,39310.0,6755.0,2021,Islington,0.1466406165201314
E09000020,559.0,69442.0,19185.0,5065.0,2021,Kensington and Chelsea,0.2088659793814346
E09000021,457.0,84150.0,23937.0,5949.0,2021,Kingston upon Thames,0.1990564143746169
E09000022,5139.0,182824.0,55140.0,13130.0,2021,Lambeth,0.1923245935257039
E09000023,9278.0,155707.0,41888.0,13363.0,2021,Lewisham,0.2418598758393469
E09000024,1338.0,112067.0,29416.0,8623.0,2021,Merton,0.2266883987486467
E09000025,5813.0,163453.0,32706.0,14191.0,2021,Newham,0.3025993133889097
E09000026,2321.0,141628.0,34455.0,9842.0,2021,Redbridge,0.2221820890805196
E09000027,368.0,97564.0,30420.0,5467.0,2021,Richmond upon Thames,0.1523392872070623
E09000028,11173.0,166935.0,51142.0,12812.0,2021,Southwark,0.2003314882571817
E09000029,1144.0,104230.0,25045.0,9022.0,2021,Sutton,0.2648310681891489
E09000030,1459.0,155390.0,49021.0,9276.0,2021,Tower Hamlets,0.1591162495497168
E09000031,2021.0,140370.0,32180.0,10474.0,2021,Waltham Forest,0.2455572748159552
E09000032,1594.0,190437.0,61868.0,11073.0,2021,Wandsworth,0.1518076253410269
E09000033,1121.0,101738.0,31135.0,6186.0,2021,Westminster,0.1657511856595438
E06000035,3993.0,132608.0,21930.0,12829.0,2021,Medway,0.3690842659454999
E06000036,267.0,66394.0,13743.0,5981.0,2021,Bracknell Forest,0.3032346380044461
E06000037,153.0,82308.0,18329.0,7031.0,2021,West Berkshire,0.2772476340693897
E06000038,954.0,88861.0,22756.0,8077.0,2021,Reading,0.2619595887523023
E06000039,736.0,73697.0,13888.0,6884.0,2021,Slough,0.3314076641632807
E06000040,268.0,76302.0,18680.0,5429.0,2021,Windsor and Maidenhead,0.2251856153303652
E06000041,497.0,89466.0,25527.0,5939.0,2021,Wokingham,0.1887434055806207
E06000042,3216.0,143377.0,30541.0,11020.0,2021,Milton Keynes,0.2651524265537339
E06000043,828.0,139293.0,36478.0,12075.0,2021,Brighton and Hove,0.2486972998578821
E06000044,1345.0,97791.0,18083.0,10678.0,2021,Portsmouth,0.3712666458050703
E06000045,1150.0,118219.0,23400.0,12651.0,2021,Southampton,0.3509195306648817
E06000046,109.0,57915.0,8979.0,7594.0,2021,Isle of Wight,0.458215169251164
E06000060,1160.0,273229.0,61463.0,21487.0,2021,Buckinghamshire,0.2590355635925225
E07000061,181.0,43825.0,7780.0,6068.0,2021,Eastbourne,0.4381860196417939
E07000062,122.0,40904.0,6753.0,5534.0,2021,Hastings,0.4503947261332749
E07000063,101.0,44502.0,8785.0,4522.0,2021,Lewes,0.339821146764835
E07000064,89.0,37941.0,6482.0,4323.0,2021,Rother,0.4000925497454511
E07000065,111.0,74537.0,13624.0,7230.0,2021,Wealden,0.3466960774911121
E07000084,484.0,96972.0,21124.0,8282.0,2021,Basingstoke and Deane,0.2816432020675957
E07000085,87.0,61727.0,13136.0,5779.0,2021,East Hampshire,0.305524715833978
E07000086,227.0,69510.0,14903.0,6185.0,2021,Eastleigh,0.2932947647951302
E07000087,96.0,55635.0,11633.0,4593.0,2021,Fareham,0.2830642179218363
E07000088,83.0,38490.0,5275.0,4610.0,2021,Gosport,0.4663631765300489
E07000089,91.0,50439.0,11747.0,3698.0,2021,Hart,0.2394302363224189
E07000090,99.0,56364.0,9197.0,6126.0,2021,Havant,0.399791163610233
E07000091,93.0,78701.0,13956.0,8252.0,2021,New Forest,0.3715778097982541
E07000092,222.0,53005.0,9262.0,5978.0,2021,Rushmoor,0.3922572178477432
E07000093,222.0,65866.0,13522.0,5276.0,2021,Test Valley,0.2806681561868134
E07000094,114.0,60575.0,16315.0,4370.0,2021,Winchester,0.2112642011119066
E07000105,768.0,63615.0,11751.0,5813.0,2021,Ashford,0.3309610567068816
E07000106,575.0,66162.0,14588.0,6524.0,2021,Canterbury,0.3090185676392426
E07000107,3610.0,58827.0,12105.0,4860.0,2021,Dartford,0.2864721485410971
E07000108,130.0,50939.0,7801.0,6304.0,2021,Dover,0.4469337114498087
E07000109,1873.0,49766.0,7846.0,4638.0,2021,Gravesham,0.3715155398910308
E07000110,756.0,86402.0,15817.0,7121.0,2021,Maidstone,0.3104455488708557
E07000111,364.0,56400.0,12365.0,4081.0,2021,Sevenoaks,0.2481454457010672
E07000112,85.0,47824.0,7611.0,5681.0,2021,Folkestone and Hythe,0.4273999398133894
E07000113,830.0,69196.0,10282.0,6482.0,2021,Swale,0.3866618945358872
E07000114,262.0,59198.0,9550.0,7764.0,2021,Thanet,0.4484232413075864
E07000115,242.0,64425.0,13061.0,5106.0,2021,Tonbridge and Malling,0.2810590631364407
E07000116,202.0,55900.0,13093.0,4437.0,2021,Tunbridge Wells,0.253108956075285
E07000177,271.0,84970.0,16521.0,6661.0,2021,Cherwell,0.2873350012940951
E07000178,742.0,73335.0,26871.0,5986.0,2021,Oxford,0.1821834007973892
E07000179,176.0,76468.0,18787.0,5569.0,2021,South Oxfordshire,0.2286500246345775
E07000180,230.0,70869.0,19019.0,5181.0,2021,Vale of White Horse,0.2140909090909002
E07000181,92.0,58929.0,12008.0,5105.0,2021,West Oxfordshire,0.2983112253841934
E07000207,249.0,66986.0,17652.0,4495.0,2021,Elmbridge,0.2029620264595564
E07000208,179.0,39910.0,10665.0,3304.0,2021,Epsom and Ewell,0.2365237311188892
E07000209,433.0,69770.0,18411.0,5464.0,2021,Guildford,0.2288586387434459
E07000210,101.0,42339.0,10141.0,3428.0,2021,Mole Valley,0.2526346819957069
E07000211,660.0,75126.0,18482.0,6727.0,2021,Reigate and Banstead,0.2668491411797268
E07000212,236.0,42462.0,9235.0,3718.0,2021,Runnymede,0.287037751872131
E07000213,350.0,51542.0,10061.0,4418.0,2021,Spelthorne,0.3051315698597758
E07000214,197.0,45363.0,10392.0,3745.0,2021,Surrey Heath,0.2649076890429182
E07000215,196.0,42572.0,9169.0,3566.0,2021,Tandridge,0.280015704750665
E07000216,111.0,60730.0,15528.0,4736.0,2021,Waverley,0.2337149624950536
E07000217,280.0,52744.0,13425.0,4299.0,2021,Woking,0.2425524712254433
E07000223,62.0,29827.0,5343.0,3114.0,2021,Adur,0.3682156793188638
E07000224,91.0,73195.0,10531.0,8596.0,2021,Arun,0.4494170544256575
E07000225,117.0,56365.0,11243.0,5243.0,2021,Chichester,0.3180274172024555
E07000226,372.0,58914.0,8797.0,6828.0,2021,Crawley,0.436991999999972
E07000227,183.0,72167.0,15241.0,6338.0,2021,Horsham,0.2937114787524772
E07000228,187.0,76573.0,17537.0,6924.0,2021,Mid Sussex,0.2830628347164759
E07000229,158.0,53553.0,10710.0,6161.0,2021,Worthing,0.3651828581589493
E06000022,219.0,89814.0,22045.0,7633.0,2021,Bath and North East Somerset,0.2571938809892763
E06000023,1431.0,238508.0,64926.0,19568.0,2021,"Bristol, City of",0.2315904087864199
E06000024,194.0,102702.0,20359.0,10139.0,2021,North Somerset,0.3324480293789648
E06000025,841.0,147613.0,31299.0,12404.0,2021,South Gloucestershire,0.2838249090451392
E06000026,462.0,121020.0,20136.0,13826.0,2021,Plymouth,0.4071020552381955
E06000027,77.0,58934.0,8242.0,8349.0,2021,Torbay,0.5032246398649567
E06000030,816.0,117866.0,21221.0,10317.0,2021,Swindon,0.3271291775001481
E06000052,223.0,254237.0,39177.0,28357.0,2021,Cornwall,0.419892202446169
E06000053,0.0,1103.0,133.0,150.0,2021,Isles of Scilly,0.5300353356871731
E06000054,448.0,252337.0,46908.0,22686.0,2021,Wiltshire,0.3259763772738982
E06000058,845.0,186028.0,36386.0,19901.0,2021,"Bournemouth, Christchurch and Poole",0.3535629896778945
E06000059,156.0,167785.0,29063.0,17213.0,2021,Dorset,0.3719638689601441
E07000040,73.0,66729.0,11686.0,7043.0,2021,East Devon,0.376047840247724
E07000041,268.0,59704.0,14751.0,5804.0,2021,Exeter,0.2823643882266951
E07000042,35.0,40295.0,6482.0,3908.0,2021,Mid Devon,0.3761308950913978
E07000043,71.0,45160.0,6895.0,4876.0,2021,North Devon,0.4142383824653458
E07000044,35.0,40581.0,8290.0,3275.0,2021,South Hams,0.2831820146994999
E07000045,48.0,62139.0,11560.0,6678.0,2021,Teignbridge,0.3661585700186223
E07000046,14.0,30045.0,3798.0,3723.0,2021,Torridge,0.4950139609093877
E07000047,16.0,25384.0,4444.0,2456.0,2021,West Devon,0.3559420289854556
E07000078,172.0,59163.0,14593.0,4702.0,2021,Cheltenham,0.2436900751489897
E07000079,66.0,44078.0,8374.0,3583.0,2021,Cotswold,0.2996571046248808
E07000080,25.0,39996.0,6220.0,4350.0,2021,Forest of Dean,0.4115421002837832
E07000081,516.0,65623.0,10844.0,7579.0,2021,Gloucester,0.4113879389892845
E07000082,85.0,59924.0,12578.0,5187.0,2021,Stroud,0.291978609625652
E07000083,92.0,46517.0,9514.0,3883.0,2021,Tewkesbury,0.2898410091811383
E07000187,59.0,55676.0,9579.0,5518.0,2021,Mendip,0.3655030800821113
E07000188,65.0,59147.0,8209.0,6304.0,2021,Sedgemoor,0.4343691862467833
E07000189,136.0,80935.0,12596.0,8471.0,2021,South Somerset,0.4020980680685241
E07000246,202.0,73294.0,13382.0,9051.0,2021,Somerset West and Taunton,0.4034681050238308
W06000001,10.0,29205.0,4717.0,3639.0,2021,Isle of Anglesey,0.4354954523695026
W06000002,174.0,51814.0,9053.0,6655.0,2021,Gwynedd,0.4236694677870878
W06000003,55.0,48726.0,8308.0,6327.0,2021,Conwy,0.4323197813460586
W06000004,69.0,40842.0,7007.0,5307.0,2021,Denbighshire,0.4309728764008095
W06000005,54.0,73817.0,12180.0,7337.0,2021,Flintshire,0.3759286775631308
W06000006,110.0,61808.0,9724.0,7043.0,2021,Wrexham,0.4200512912267895
W06000008,96.0,30111.0,5362.0,3142.0,2021,Ceredigion,0.3694731890874447
W06000009,52.0,52772.0,7600.0,6847.0,2021,Pembrokeshire,0.4739392261368814
W06000010,118.0,81951.0,13868.0,10085.0,2021,Carmarthenshire,0.421032856009668
W06000011,540.0,100613.0,20073.0,10955.0,2021,Swansea,0.3530681964676952
W06000012,78.0,59184.0,9256.0,7268.0,2021,Neath Port Talbot,0.4398450738319753
W06000013,86.0,63985.0,11567.0,7322.0,2021,Bridgend,0.387633013923427
W06000014,61.0,59914.0,13207.0,6191.0,2021,Vale of Glamorgan,0.3191566140839097
W06000015,1366.0,160442.0,43192.0,14315.0,2021,Cardiff,0.2489262176778436
W06000016,402.0,103390.0,16859.0,12900.0,2021,Rhondda Cynon Taff,0.4334823078732338
W06000018,22.0,77441.0,11986.0,8647.0,2021,Caerphilly,0.4190859303058004
W06000019,10.0,28800.0,3482.0,4324.0,2021,Blaenau Gwent,0.5539328721495574
W06000020,37.0,40656.0,6131.0,4688.0,2021,Torfaen,0.4333117663369596
W06000021,22.0,42829.0,9314.0,3538.0,2021,Monmouthshire,0.2752878929349303
W06000022,487.0,72786.0,13768.0,6761.0,2021,Newport,0.3293389838764514
W06000023,29.0,61730.0,9057.0,6550.0,2021,Powys,0.4196834753635919
W06000024,15.0,25630.0,3750.0,3182.0,2021,Merthyr Tydfil,0.4590305828043192
